<?xml version="1.0"?>
<collection>
    <genre category="Action">
        <decade years="1980s">
            <movie favorite="True" title="Indiana Jones: The raiders of the lost Ark">
                <format multiple="No">DVD</format>
                <year>1981</year>
                <rating>PG</rating>
                <description>
                'Archaeologist and adventurer Indiana Jones 
                is hired by the U.S. government to find the Ark of the 
                Covenant before the Nazis.'
                </description>
            </movie>
               <movie favorite="True" title="THE KARATE KID">
               <format multiple="Yes">DVD,Online</format>
               <year>1984</year>
               <rating>PG</rating>
               <description>None provided.</description>
            </movie>
            <movie favorite="False" title="Back 2 the Future">
               <format multiple="False">Blu-ray</format>
               <year>1985</year>
               <rating>PG</rating>
               <description>Marty McFly</description>
            </movie>
        </decade>
        <decade years="1990s">
            <movie favorite="False" title="X-Men">
               <format multiple="Yes">dvd, digital</format>
               <year>2000</year>
               <rating>PG-13</rating>
               <description>Two mutants come to a private academy for their kind whose resident superhero team must 
               oppose a terrorist organization with similar powers.</description>
            </movie>
            <movie favorite="True" title="Batman Returns">
               <format multiple="No">VHS</format>
               <year>1992</year>
               <rating>PG13</rating>
               <description>NA.</description>
            </movie>
               <movie favorite="False" title="Reservoir Dogs">
               <format multiple="No">Online</format>
               <year>1992</year>
               <rating>R</rating>
               <description>WhAtEvER I Want!!!?!</description>
            </movie>
        </decade>    
    </genre>

    <genre category="Thriller">
        <decade years="1970s">
            <movie favorite="False" title="ALIEN">
                <format multiple="Yes">DVD</format>
                <year>1979</year>
                <rating>R</rating>
                <description>"""""""""</description>
            </movie>
        </decade>
        <decade years="1980s">
            <movie favorite="True" title="Ferris Bueller's Day Off">
                <format multiple="No">DVD</format>
                <year>1986</year>
                <rating>PG13</rating>
                <description>Funny movie about a funny guy</description>
            </movie>
            <movie favorite="FALSE" title="American Psycho">
                <format multiple="No">blue-ray</format>
                <year>2000</year>
                <rating>Unrated</rating>
                <description>psychopathic Bateman</description>
            </movie>
        </decade>
    </genre>
</collection>
	