	ndop
0	1879.0
1	1868.0
2	1869.0
3	1851.0
4	1857.0
5	1875.0
6	1872.0
7	
8	1676.0
9	1679.0
10	1802.0
11	1859.0
12	1888.0
13	1839.0
14	1897.0
15	1865.0
16	1860.0
17	1873.0
18	1866.0
19	1899.0
20	1814.0
21	1820.0
22	1800.0
23	1847.0
24	
25	
26	1893.0
27	1805.0
28	1837.0
29	1896.0
30	1898.0
31	1899.0
32	1892.0
33	1894.0
34	
35	
36	1899.0
37	
38	
39	1846.0
40	1893.0
41	1894.0
42	1817.0
43	1816.0
44	1817.0
45	1897.0
46	
47	1804.0
48	1859.0
49	1777.0
50	1799.0
51	1827.0
52	1866.0
53	1853.0
54	1874.0
55	1790.0
56	
57	1883.0
58	1795.0
59	1865.0
60	1877.0
61	1853.0
62	1886.0
63	
64	1852.0
65	1857.0
66	1866.0
67	1869.0
68	1853.0
69	1875.0
70	1827.0
71	1828.0
72	1876.0
73	1758.0
74	1846.0
75	1880.0
76	1823.0
77	1887.0
78	1825.0
79	1850.0
80	1810.0
81	1889.0
82	1872.0
83	1892.0
84	
85	
86	1872.0
87	1861.0
88	
89	1858.0
90	1860.0
91	1857.0
92	1857.0
93	
94	1878.0
95	1857.0
96	1821.0
97	1897.0
98	1891.0
99	1827.0
100	1808.0
101	1868.0
102	1886.0
103	1860.0
104	1810.0
105	1886.0
106	1880.0
107	1849.0
108	1860.0
109	1724.0
110	1772.0
111	1812.0
112	1873.0
113	1851.0
114	1835.0
115	1799.0
116	1875.0
117	1867.0
118	1837.0
119	1830.0
120	1841.0
121	1884.0
122	1880.0
123	1872.0
124	1837.0
125	1863.0
126	
127	1884.0
128	1894.0
129	1887.0
130	1883.0
131	1808.0
132	1848.0
133	1845.0
134	1877.0
135	1807.0
136	1874.0
137	1867.0
138	1892.0
139	1880.0
140	1873.0
141	1860.0
142	1878.0
143	1846.0
144	1864.0
145	
146	1822.0
147	1871.0
148	1829.0
149	1894.0
150	1848.0
151	1897.0
152	1877.0
153	1823.0
154	1891.0
155	1814.0
156	1824.0
157	1885.0
158	1877.0
159	1891.0
160	1847.0
161	1853.0
162	1841.0
163	1856.0
164	1850.0
165	1803.0
166	1874.0
167	1850.0
168	1818.0
169	1881.0
170	1874.0
171	1833.0
172	1863.0
173	1835.0
174	1838.0
175	1830.0
176	1838.0
177	1823.0
178	1824.0
179	1830.0
180	1818.0
181	1833.0
182	1865.0
183	1828.0
184	
185	1720.0
186	1878.0
187	1886.0
188	
189	1880.0
190	1883.0
191	
192	1855.0
193	1853.0
194	1894.0
195	1747.0
196	1748.0
197	1704.0
198	1887.0
199	
200	1694.0
201	1889.0
202	1839.0
203	1888.0
204	1846.0
205	1851.0
206	1848.0
207	1891.0
208	1859.0
209	
210	1876.0
211	1899.0
212	1875.0
213	1895.0
214	
215	1883.0
216	1867.0
217	1880.0
218	1899.0
219	1861.0
220	
221	1825.0
222	1887.0
223	1891.0
224	1870.0
225	1874.0
226	1899.0
227	1809.0
228	1877.0
229	1853.0
230	1879.0
231	1760.0
232	1862.0
233	1865.0
234	1830.0
235	1897.0
236	1898.0
237	1810.0
238	1805.0
239	1887.0
240	1844.0
241	1827.0
242	1813.0
243	1889.0
244	1855.0
245	1787.0
246	1794.0
247	1710.0
248	1846.0
249	1785.0
250	1822.0
251	1848.0
252	1868.0
253	1777.0
254	1801.0
255	1844.0
256	1893.0
257	1877.0
258	1859.0
259	1889.0
260	1883.0
261	1898.0
262	1851.0
263	1887.0
264	1882.0
265	1877.0
266	1840.0
267	1824.0
268	1819.0
269	1824.0
270	1881.0
271	1823.0
272	1892.0
273	1867.0
274	1898.0
275	1651.0
276	
277	1809.0
278	1835.0
279	1834.0
280	1803.0
281	1890.0
282	1853.0
283	1876.0
284	1817.0
285	1896.0
286	1878.0
287	1852.0
288	1862.0
289	1882.0
290	1850.0
291	1883.0
292	1845.0
293	1899.0
294	1812.0
295	1813.0
296	1884.0
297	1842.0
298	1860.0
299	1889.0
300	1868.0
301	1856.0
302	1744.0
303	1728.0
304	1876.0
305	1818.0
306	1886.0
307	1885.0
308	
309	
310	
311	1864.0
312	1856.0
313	1822.0
314	1830.0
315	1893.0
316	1860.0
317	
318	1881.0
319	1805.0
320	1806.0
321	1831.0
322	1874.0
323	1868.0
324	1820.0
325	1801.0
326	1865.0
327	1872.0
328	1744.0
329	1895.0
330	1898.0
331	1779.0
332	1876.0
333	1877.0
334	1836.0
335	1756.0
336	1812.0
337	1888.0
338	1861.0
339	1855.0
340	1895.0
341	1874.0
342	1896.0
343	1868.0
344	1843.0
345	1873.0
346	1897.0
347	1890.0
348	1877.0
349	1835.0
350	1878.0
351	1872.0
352	1896.0
353	1897.0
354	1897.0
355	1895.0
356	1896.0
357	1882.0
358	1892.0
359	1842.0
360	1823.0
361	1827.0
362	1857.0
363	1869.0
364	1846.0
365	1858.0
366	1853.0
367	1792.0
368	1847.0
369	1847.0
370	1850.0
371	1868.0
372	
373	1852.0
374	1859.0
375	1853.0
376	1851.0
377	1762.0
378	
379	
380	1856.0
381	1844.0
382	
383	1858.0
384	1836.0
385	1875.0
386	
387	
388	1896.0
389	1871.0
390	1897.0
391	1887.0
392	1894.0
393	1879.0
394	1852.0
395	1872.0
396	
397	1843.0
398	1871.0
399	1874.0
400	1881.0
401	1886.0
402	1837.0
403	1883.0
404	1892.0
405	1876.0
406	1847.0
407	1891.0
408	1878.0
409	1856.0
410	1895.0
411	1874.0
412	1896.0
413	
414	1886.0
415	1825.0
416	1884.0
417	1847.0
418	1884.0
419	1843.0
420	1844.0
421	1817.0
422	1898.0
423	1867.0
424	1874.0
425	1889.0
426	1889.0
427	1874.0
428	1854.0
429	1896.0
430	1882.0
431	1889.0
432	1834.0
433	1857.0
434	1880.0
435	1825.0
436	1801.0
437	1893.0
438	1824.0
439	1836.0
440	1868.0
441	1888.0
442	1852.0
443	1864.0
444	1888.0
445	1888.0
446	1899.0
447	1879.0
448	1865.0
449	1868.0
450	1867.0
451	1874.0
452	1897.0
453	1884.0
454	1862.0
455	1855.0
456	1851.0
457	1854.0
458	1895.0
459	
460	1854.0
461	1863.0
462	1825.0
463	1853.0
464	
465	1856.0
466	1882.0
467	
468	1875.0
469	1876.0
470	1841.0
471	1842.0
472	1894.0
473	1825.0
474	1843.0
475	1731.0
476	1770.0
477	1806.0
478	1877.0
479	1844.0
480	1846.0
481	1891.0
482	1874.0
483	
484	1835.0
485	1876.0
486	1830.0
487	1846.0
488	1845.0
489	
490	1846.0
491	1734.0
492	1869.0
493	1846.0
494	1846.0
495	1870.0
496	1870.0
497	1846.0
498	1838.0
499	1863.0
500	1891.0
501	
502	1896.0
503	1895.0
504	1866.0
505	1873.0
506	1868.0
507	1885.0
508	
509	
510	
511	
512	
513	
514	1808.0
515	1860.0
516	1806.0
517	1802.0
518	1888.0
519	
520	1855.0
521	1859.0
522	
523	1821.0
524	1890.0
525	1891.0
526	1898.0
527	1893.0
528	1860.0
529	1884.0
530	1775.0
531	1775.0
532	1894.0
533	
534	1878.0
535	1886.0
536	1897.0
537	1865.0
538	1893.0
539	1818.0
540	1893.0
541	1894.0
542	1887.0
543	1876.0
544	
545	1831.0
546	1868.0
547	1826.0
548	1887.0
549	1866.0
550	1828.0
551	1827.0
552	1856.0
553	
554	1864.0
555	1881.0
556	1816.0
557	1785.0
558	1844.0
559	1836.0
560	1852.0
561	1864.0
562	1862.0
563	
564	1640.0
565	1865.0
566	1687.0
567	1778.0
568	1695.0
569	
570	1749.0
571	1878.0
572	
573	1880.0
574	1870.0
575	1858.0
576	1876.0
577	1843.0
578	1863.0
579	1888.0
580	1840.0
581	1838.0
582	1892.0
583	1828.0
584	1842.0
585	1886.0
586	1841.0
587	1843.0
588	
589	
590	1879.0
591	1866.0
592	
593	1843.0
594	1690.0
595	1696.0
596	1856.0
597	1829.0
598	1847.0
599	1878.0
600	1850.0
601	1851.0
602	1850.0
603	
604	1849.0
605	1865.0
606	1848.0
607	1823.0
608	1831.0
609	
610	1873.0
611	1842.0
612	
613	1866.0
614	1768.0
615	1899.0
616	1898.0
617	1875.0
618	1860.0
619	1887.0
620	1854.0
621	1849.0
622	1878.0
623	1864.0
624	1897.0
625	1887.0
626	1858.0
627	1819.0
628	1863.0
629	1885.0
630	
631	1897.0
632	1889.0
633	1886.0
634	1885.0
635	
636	1892.0
637	1893.0
638	1843.0
639	1829.0
640	1828.0
641	1868.0
642	1871.0
643	1895.0
644	1871.0
645	1870.0
646	1880.0
647	1857.0
648	
649	
650	
651	1857.0
652	1839.0
653	1861.0
654	1861.0
655	1831.0
656	
657	1857.0
658	1813.0
659	
660	1845.0
661	1882.0
662	1888.0
663	1826.0
664	1882.0
665	1863.0
666	1885.0
667	
668	1876.0
669	1876.0
670	1882.0
671	1899.0
672	1814.0
673	1871.0
674	1888.0
675	1899.0
676	1878.0
677	1876.0
678	1895.0
679	1878.0
680	1873.0
681	1880.0
682	1881.0
683	1879.0
684	1875.0
685	
686	1874.0
687	1865.0
688	1873.0
689	1855.0
690	1860.0
691	1856.0
692	
693	1869.0
694	1862.0
695	1790.0
696	1877.0
697	1800.0
698	1716.0
699	1774.0
700	
701	1856.0
702	1724.0
703	
704	1877.0
705	
706	1887.0
707	1893.0
708	1890.0
709	
710	1893.0
711	1810.0
712	1898.0
713	1809.0
714	1811.0
715	1856.0
716	1890.0
717	1881.0
718	1852.0
719	1899.0
720	1873.0
721	1891.0
722	1839.0
723	1889.0
724	1879.0
725	
726	1848.0
727	1874.0
728	1837.0
729	1867.0
730	1896.0
731	1893.0
732	1830.0
733	1880.0
734	
735	1879.0
736	1890.0
737	1892.0
738	1830.0
739	1876.0
740	1880.0
741	1895.0
742	1896.0
743	1880.0
744	1871.0
745	1889.0
746	1864.0
747	1858.0
748	1896.0
749	1874.0
750	1880.0
751	1867.0
752	1881.0
753	1875.0
754	1864.0
755	1896.0
756	1897.0
757	1883.0
758	1860.0
759	1882.0
760	
761	1882.0
762	1790.0
763	1896.0
764	1874.0
765	
766	1899.0
767	1897.0
768	1858.0
769	1866.0
770	1867.0
771	1889.0
772	1899.0
773	1899.0
774	
775	1865.0
776	1896.0
777	1894.0
778	1899.0
779	1897.0
780	1868.0
781	1875.0
782	1845.0
783	1852.0
784	
785	1802.0
786	
787	1879.0
788	1882.0
789	1842.0
790	1850.0
791	1867.0
792	1898.0
793	1847.0
794	1796.0
795	1864.0
796	1892.0
797	1847.0
798	1798.0
799	1885.0
800	1861.0
801	1862.0
802	1896.0
803	1827.0
804	1879.0
805	1828.0
806	1842.0
807	1863.0
808	1888.0
809	1870.0
810	1877.0
811	1863.0
812	
813	1895.0
814	1876.0
815	1872.0
816	1897.0
817	1896.0
818	1851.0
819	1896.0
820	1881.0
821	
822	1837.0
823	1896.0
824	1857.0
825	1803.0
826	
827	1868.0
828	1864.0
829	1890.0
830	1849.0
831	1893.0
832	1895.0
833	1891.0
834	1852.0
835	
836	1869.0
837	
838	
839	
840	1871.0
841	
842	1896.0
843	1899.0
844	1872.0
845	1866.0
846	1873.0
847	1897.0
848	1886.0
849	1893.0
850	1851.0
851	1850.0
852	1886.0
853	1845.0
854	1869.0
855	1876.0
856	1898.0
857	1896.0
858	1896.0
859	
860	1825.0
861	
862	1882.0
863	1890.0
864	1810.0
865	1868.0
866	1871.0
867	1829.0
868	1773.0
869	1894.0
870	1826.0
871	1890.0
872	1875.0
873	1885.0
874	
875	1891.0
876	
877	
878	1896.0
879	1896.0
880	1787.0
881	1788.0
882	1890.0
883	1891.0
884	1893.0
885	1870.0
886	1830.0
887	1883.0
888	1882.0
889	1898.0
890	1891.0
891	1873.0
892	1816.0
893	1889.0
894	1814.0
895	1607.0
896	1889.0
897	1865.0
898	
899	1892.0
900	1870.0
901	1861.0
902	
903	1893.0
904	1826.0
905	1890.0
906	1854.0
907	1890.0
908	1873.0
909	
910	
911	
912	1808.0
913	1856.0
914	1879.0
915	1894.0
916	1899.0
917	1879.0
918	1893.0
919	1882.0
920	1884.0
921	1847.0
922	1868.0
923	1854.0
924	1898.0
925	1898.0
926	
927	
928	1856.0
929	1886.0
930	1869.0
931	1871.0
932	1896.0
933	1895.0
934	
935	1885.0
936	1886.0
937	1889.0
938	1878.0
939	
940	1895.0
941	1878.0
942	
943	1833.0
944	1894.0
945	1819.0
946	
947	1850.0
948	
949	1873.0
950	1884.0
951	1861.0
952	1884.0
953	1880.0
954	1886.0
955	1875.0
956	1825.0
957	1821.0
958	1864.0
959	1852.0
960	1889.0
961	1884.0
962	1888.0
963	1863.0
964	1883.0
965	1796.0
966	
967	1882.0
968	1899.0
969	1860.0
970	1899.0
971	1833.0
972	1843.0
973	1898.0
974	1828.0
975	1811.0
976	1881.0
977	1882.0
978	1801.0
979	
980	1881.0
981	1871.0
982	1867.0
983	1867.0
984	1876.0
985	1899.0
986	1883.0
987	1896.0
988	1878.0
989	
990	1657.0
991	1877.0
992	1897.0
993	
994	
995	1792.0
996	1842.0
997	1890.0
998	1827.0
999	1831.0
1000	1842.0
1001	1851.0
1002	1876.0
1003	1853.0
1004	1857.0
1005	1863.0
1006	1869.0
1007	
1008	1894.0
1009	1863.0
1010	1858.0
1011	1861.0
1012	1883.0
1013	1858.0
1014	1801.0
1015	1891.0
1016	1813.0
1017	1891.0
1018	1838.0
1019	1868.0
1020	1874.0
1021	1878.0
1022	1879.0
1023	1858.0
1024	1860.0
1025	1890.0
1026	1841.0
1027	1869.0
1028	1840.0
1029	1895.0
1030	1850.0
1031	1876.0
1032	1882.0
1033	1883.0
1034	
1035	1885.0
1036	1897.0
1037	1898.0
1038	1898.0
1039	1898.0
1040	1894.0
1041	1884.0
1042	
1043	
1044	1896.0
1045	1890.0
1046	1837.0
1047	1873.0
1048	1846.0
1049	1844.0
1050	1788.0
1051	1852.0
1052	1899.0
1053	1824.0
1054	1887.0
1055	1831.0
1056	
1057	1855.0
1058	
1059	1822.0
1060	1834.0
1061	1898.0
1062	1875.0
1063	1895.0
1064	1876.0
1065	1878.0
1066	
1067	1880.0
1068	1799.0
1069	1899.0
1070	1809.0
1071	1827.0
1072	1827.0
1073	1829.0
1074	1855.0
1075	1885.0
1076	1868.0
1077	1895.0
1078	1834.0
1079	1848.0
1080	1635.0
1081	
1082	1823.0
1083	1844.0
1084	1858.0
1085	1865.0
1086	1868.0
1087	1897.0
1088	1856.0
1089	1865.0
1090	1890.0
1091	1844.0
1092	1886.0
1093	1875.0
1094	1892.0
1095	1864.0
1096	1841.0
1097	
1098	1896.0
1099	
1100	
1101	1873.0
1102	1897.0
1103	1897.0
1104	
1105	
1106	1876.0
1107	1852.0
1108	
1109	1853.0
1110	
1111	1829.0
1112	1880.0
1113	
1114	1854.0
1115	1863.0
1116	1823.0
1117	
1118	1803.0
1119	1893.0
1120	1873.0
1121	
1122	1839.0
1123	1865.0
1124	1876.0
1125	1827.0
1126	1886.0
1127	1897.0
1128	
1129	
1130	1801.0
1131	1803.0
1132	1820.0
1133	1835.0
1134	
1135	1855.0
1136	1877.0
1137	
1138	
1139	
1140	1891.0
1141	1896.0
1142	1811.0
1143	1856.0
1144	
1145	
1146	
1147	
1148	
1149	1889.0
1150	
1151	1896.0
1152	1896.0
1153	1898.0
1154	1892.0
1155	1840.0
1156	1829.0
1157	1896.0
1158	1899.0
1159	1856.0
1160	1893.0
1161	1800.0
1162	1810.0
1163	1898.0
1164	1894.0
1165	1862.0
1166	1879.0
1167	1872.0
1168	
1169	1843.0
1170	1828.0
1171	1896.0
1172	1842.0
1173	1854.0
1174	1803.0
1175	1800.0
1176	1858.0
1177	1837.0
1178	1851.0
1179	1862.0
1180	1854.0
1181	1759.0
1182	1827.0
1183	1835.0
1184	1798.0
1185	1876.0
1186	1827.0
1187	1865.0
1188	1895.0
1189	1898.0
1190	1850.0
1191	1863.0
1192	
1193	1866.0
1194	1826.0
1195	1825.0
1196	1842.0
1197	1845.0
1198	
1199	1859.0
1200	1869.0
1201	1870.0
1202	
1203	1887.0
1204	1823.0
1205	1830.0
1206	1836.0
1207	1842.0
1208	1845.0
1209	1816.0
1210	1886.0
1211	1866.0
1212	1834.0
1213	1823.0
1214	1872.0
1215	1854.0
1216	1836.0
1217	1857.0
1218	1819.0
1219	1863.0
1220	
1221	1809.0
1222	1886.0
1223	1815.0
1224	1818.0
1225	1852.0
1226	1864.0
1227	1896.0
1228	
1229	1872.0
1230	
1231	1836.0
1232	1816.0
1233	1816.0
1234	1817.0
1235	
1236	1833.0
1237	1882.0
1238	1885.0
1239	1884.0
1240	
1241	1842.0
1242	1853.0
1243	1860.0
1244	1865.0
1245	1683.0
1246	1870.0
1247	
1248	1819.0
1249	1830.0
1250	1856.0
1251	1887.0
1252	1851.0
1253	1875.0
1254	1874.0
1255	
1256	1788.0
1257	1862.0
1258	1895.0
1259	1896.0
1260	1868.0
1261	1842.0
1262	1846.0
1263	1899.0
1264	1819.0
1265	1840.0
1266	1802.0
1267	1709.0
1268	
1269	1888.0
1270	1880.0
1271	1872.0
1272	1895.0
1273	1825.0
1274	1787.0
1275	1888.0
1276	1831.0
1277	1895.0
1278	1895.0
1279	1898.0
1280	1888.0
1281	1733.0
1282	1871.0
1283	1889.0
1284	1856.0
1285	1853.0
1286	1815.0
1287	1830.0
1288	1897.0
1289	1832.0
1290	1887.0
1291	
1292	1810.0
1293	1779.0
1294	1883.0
1295	1874.0
1296	1843.0
1297	1854.0
1298	
1299	1897.0
1300	1784.0
1301	1885.0
1302	1897.0
1303	1897.0
1304	1849.0
1305	1821.0
1306	1831.0
1307	
1308	1896.0
1309	1878.0
1310	1881.0
1311	1877.0
1312	
1313	
1314	1834.0
1315	1798.0
1316	1816.0
1317	1897.0
1318	1894.0
1319	1895.0
1320	1896.0
1321	1825.0
1322	1862.0
1323	1865.0
1324	1837.0
1325	1851.0
1326	1854.0
1327	1859.0
1328	1870.0
1329	1860.0
1330	1886.0
1331	1853.0
1332	1870.0
1333	1830.0
1334	1867.0
1335	1897.0
1336	1897.0
1337	1853.0
1338	1884.0
1339	1885.0
1340	1870.0
1341	1893.0
1342	1896.0
1343	1823.0
1344	1871.0
1345	1881.0
1346	1862.0
1347	1866.0
1348	1854.0
1349	1898.0
1350	
1351	1880.0
1352	1896.0
1353	1896.0
1354	1871.0
1355	1873.0
1356	
1357	
1358	1860.0
1359	1864.0
1360	
1361	1846.0
1362	1863.0
1363	1863.0
1364	1855.0
1365	1855.0
1366	
1367	1889.0
1368	
1369	1897.0
1370	1876.0
1371	1894.0
1372	1895.0
1373	1868.0
1374	1878.0
1375	
1376	
1377	1872.0
1378	1886.0
1379	1899.0
1380	1893.0
1381	1821.0
1382	1823.0
1383	1872.0
1384	1822.0
1385	1862.0
1386	1896.0
1387	1878.0
1388	1832.0
1389	1897.0
1390	1855.0
1391	1826.0
1392	1898.0
1393	
1394	1831.0
1395	1865.0
1396	1819.0
1397	1889.0
1398	1883.0
1399	1878.0
1400	1894.0
1401	1891.0
1402	1850.0
1403	1829.0
1404	1829.0
1405	1858.0
1406	1890.0
1407	1873.0
1408	
1409	1880.0
1410	1696.0
1411	1841.0
1412	
1413	1861.0
1414	1887.0
1415	1875.0
1416	1779.0
1417	
1418	
1419	
1420	
1421	1876.0
1422	1894.0
1423	1894.0
1424	1846.0
1425	1817.0
1426	1802.0
1427	
1428	1785.0
1429	1872.0
1430	1854.0
1431	1866.0
1432	1822.0
1433	1894.0
1434	1877.0
1435	1875.0
1436	1887.0
1437	1847.0
1438	1884.0
1439	1894.0
1440	1800.0
1441	1841.0
1442	1774.0
1443	1858.0
1444	1801.0
1445	1870.0
1446	1886.0
1447	1875.0
1448	1859.0
1449	1896.0
1450	1886.0
1451	1852.0
1452	1749.0
1453	1625.0
1454	1639.0
1455	1788.0
1456	1807.0
1457	1822.0
1458	1848.0
1459	1737.0
1460	1803.0
1461	1829.0
1462	
1463	1889.0
1464	1866.0
1465	1868.0
1466	1825.0
1467	1847.0
1468	1883.0
1469	1887.0
1470	1873.0
1471	1868.0
1472	1891.0
1473	1843.0
1474	1850.0
1475	1856.0
1476	1899.0
1477	1898.0
1478	1812.0
1479	1835.0
1480	1880.0
1481	1865.0
1482	1822.0
1483	1884.0
1484	1796.0
1485	1877.0
1486	
1487	1889.0
1488	1718.0
1489	1884.0
1490	1671.0
1491	1684.0
1492	
1493	1892.0
1494	1855.0
1495	1832.0
1496	1845.0
1497	1794.0
1498	1870.0
1499	1897.0
1500	1887.0
1501	1823.0
1502	
1503	1866.0
1504	1869.0
1505	1896.0
1506	1858.0
1507	1839.0
1508	1859.0
1509	1883.0
1510	1897.0
1511	
1512	
1513	1829.0
1514	1868.0
1515	1888.0
1516	1873.0
1517	1869.0
1518	
1519	1818.0
1520	1662.0
1521	1880.0
1522	
1523	1895.0
1524	1870.0
1525	1894.0
1526	1857.0
1527	1839.0
1528	1845.0
1529	1867.0
1530	1853.0
1531	1847.0
1532	1867.0
1533	1894.0
1534	1894.0
1535	1897.0
1536	1866.0
1537	1863.0
1538	1861.0
1539	1856.0
1540	
1541	1865.0
1542	1804.0
1543	1855.0
1544	1765.0
1545	1872.0
1546	1845.0
1547	1705.0
1548	1819.0
1549	1818.0
1550	1817.0
1551	1830.0
1552	1865.0
1553	1834.0
1554	1839.0
1555	1836.0
1556	1838.0
1557	1823.0
1558	1816.0
1559	1826.0
1560	1805.0
1561	1824.0
1562	1829.0
1563	1846.0
1564	1880.0
1565	1877.0
1566	1781.0
1567	1887.0
1568	1885.0
1569	1832.0
1570	1814.0
1571	1851.0
1572	1868.0
1573	1801.0
1574	1875.0
1575	1876.0
1576	1876.0
1577	
1578	1881.0
1579	1788.0
1580	
1581	1867.0
1582	1895.0
1583	1884.0
1584	1807.0
1585	1853.0
1586	1852.0
1587	1882.0
1588	
1589	1880.0
1590	1893.0
1591	1856.0
1592	1831.0
1593	1886.0
1594	1845.0
1595	
1596	1810.0
1597	1853.0
1598	1817.0
1599	1895.0
1600	1833.0
1601	1897.0
1602	1865.0
1603	1842.0
1604	
1605	
1606	1862.0
1607	1898.0
1608	1866.0
1609	
1610	1885.0
1611	1854.0
1612	1844.0
1613	1839.0
1614	1899.0
1615	1844.0
1616	1662.0
1617	1897.0
1618	1874.0
1619	1871.0
1620	1874.0
1621	1882.0
1622	1886.0
1623	1858.0
1624	
1625	1824.0
1626	1826.0
1627	1827.0
1628	1890.0
1629	1890.0
1630	1896.0
1631	
1632	
1633	
1634	1899.0
1635	1896.0
1636	1873.0
1637	
1638	1790.0
1639	1693.0
1640	1770.0
1641	1701.0
1642	1867.0
1643	1870.0
1644	1865.0
1645	1894.0
1646	1831.0
1647	1899.0
1648	1804.0
1649	1879.0
1650	1880.0
1651	1886.0
1652	
1653	1878.0
1654	1878.0
1655	1881.0
1656	1850.0
1657	1866.0
1658	1890.0
1659	1879.0
1660	1852.0
1661	1889.0
1662	
1663	1843.0
1664	1885.0
1665	1776.0
1666	1796.0
1667	
1668	1893.0
1669	1824.0
1670	1827.0
1671	1866.0
1672	1827.0
1673	1886.0
1674	1885.0
1675	
1676	1899.0
1677	1879.0
1678	1897.0
1679	1893.0
1680	1895.0
1681	1873.0
1682	1846.0
1683	
1684	
1685	1866.0
1686	1868.0
1687	1817.0
1688	1823.0
1689	1856.0
1690	1868.0
1691	1833.0
1692	1892.0
1693	1821.0
1694	1886.0
1695	1859.0
1696	1895.0
1697	1775.0
1698	1893.0
1699	1898.0
1700	1889.0
1701	1869.0
1702	1888.0
1703	
1704	1859.0
1705	1861.0
1706	1835.0
1707	1675.0
1708	1891.0
1709	1767.0
1710	1822.0
1711	1865.0
1712	1893.0
1713	1815.0
1714	1870.0
1715	1897.0
1716	1864.0
1717	1879.0
1718	
1719	1867.0
1720	1833.0
1721	1880.0
1722	1864.0
1723	1860.0
1724	1888.0
1725	1842.0
1726	1856.0
1727	1862.0
1728	1871.0
1729	1840.0
1730	1888.0
1731	1882.0
1732	1821.0
1733	
1734	1891.0
1735	1654.0
1736	1860.0
1737	
1738	
1739	1802.0
1740	
1741	1884.0
1742	1794.0
1743	1856.0
1744	1887.0
1745	1780.0
1746	1828.0
1747	1866.0
1748	1843.0
1749	1852.0
1750	1828.0
1751	1895.0
1752	1840.0
1753	1881.0
1754	1815.0
1755	1848.0
1756	1863.0
1757	1870.0
1758	
1759	1867.0
1760	
1761	1871.0
1762	1766.0
1763	
1764	1898.0
1765	1871.0
1766	1893.0
1767	1876.0
1768	1898.0
1769	1889.0
1770	1679.0
1771	1854.0
1772	1887.0
1773	1788.0
1774	1852.0
1775	1732.0
1776	1869.0
1777	1788.0
1778	1825.0
1779	1886.0
1780	1794.0
1781	1795.0
1782	1889.0
1783	1898.0
1784	1834.0
1785	1836.0
1786	1886.0
1787	
1788	1893.0
1789	1817.0
1790	1856.0
1791	1883.0
1792	
1793	1859.0
1794	1809.0
1795	1786.0
1796	1811.0
1797	1814.0
1798	
1799	1841.0
1800	1854.0
1801	1859.0
1802	
1803	
1804	1810.0
1805	1821.0
1806	1802.0
1807	1802.0
1808	1817.0
1809	1888.0
1810	1884.0
1811	1847.0
1812	1892.0
1813	1878.0
1814	1897.0
1815	1891.0
1816	
1817	1898.0
1818	1776.0
1819	1849.0
1820	1850.0
1821	1855.0
1822	1860.0
1823	1841.0
1824	1857.0
1825	
1826	1808.0
1827	
1828	1899.0
1829	1703.0
1830	1818.0
1831	1864.0
1832	1854.0
1833	1860.0
1834	1791.0
1835	1877.0
1836	1884.0
1837	1875.0
1838	1803.0
1839	1891.0
1840	1874.0
1841	1896.0
1842	1899.0
1843	1893.0
1844	1868.0
1845	1852.0
1846	1860.0
1847	1818.0
1848	1860.0
1849	1889.0
1850	1661.0
1851	1828.0
1852	1875.0
1853	1831.0
1854	
1855	1882.0
1856	1884.0
1857	1860.0
1858	1813.0
1859	1869.0
1860	1891.0
1861	1869.0
1862	1858.0
1863	1796.0
1864	1882.0
1865	1845.0
1866	1807.0
1867	1829.0
1868	1882.0
1869	1859.0
1870	1871.0
1871	1889.0
1872	1875.0
1873	1868.0
1874	1889.0
1875	1809.0
1876	1892.0
1877	1885.0
1878	1890.0
1879	1888.0
1880	1897.0
1881	1813.0
1882	1817.0
1883	1818.0
1884	1827.0
1885	1795.0
1886	1887.0
1887	1881.0
1888	
1889	1817.0
1890	1856.0
1891	1892.0
1892	1845.0
1893	
1894	1845.0
1895	1852.0
1896	1870.0
1897	1890.0
1898	1843.0
1899	1678.0
1900	
1901	1863.0
1902	1866.0
1903	1866.0
1904	1899.0
1905	1879.0
1906	1886.0
1907	1844.0
1908	1861.0
1909	1884.0
1910	1885.0
1911	1834.0
1912	1837.0
1913	1867.0
1914	1830.0
1915	1864.0
1916	
1917	
1918	1883.0
1919	1877.0
1920	1893.0
1921	
1922	1851.0
1923	1829.0
1924	1899.0
1925	1885.0
1926	1885.0
1927	1894.0
1928	1894.0
1929	1897.0
1930	1862.0
1931	1891.0
1932	1842.0
1933	1847.0
1934	1889.0
1935	1890.0
1936	1836.0
1937	1833.0
1938	1859.0
1939	1892.0
1940	1873.0
1941	
1942	1845.0
1943	1872.0
1944	1892.0
1945	1848.0
1946	1835.0
1947	1846.0
1948	1820.0
1949	1821.0
1950	1766.0
1951	1872.0
1952	1887.0
1953	1874.0
1954	1860.0
1955	1839.0
1956	1890.0
1957	1872.0
1958	1873.0
1959	1841.0
1960	
1961	1890.0
1962	1883.0
1963	1880.0
1964	1869.0
1965	1860.0
1966	1805.0
1967	1874.0
1968	1876.0
1969	1881.0
1970	1874.0
1971	1851.0
1972	1859.0
1973	1863.0
1974	1895.0
1975	1897.0
1976	1897.0
1977	1897.0
1978	1876.0
1979	1876.0
1980	1899.0
1981	1899.0
1982	1873.0
1983	1832.0
1984	1876.0
1985	1782.0
1986	1864.0
1987	
1988	1891.0
1989	
1990	1880.0
1991	1808.0
1992	1751.0
1993	1805.0
1994	1834.0
1995	1825.0
1996	
1997	1857.0
1998	1764.0
1999	1852.0
2000	1874.0
2001	1868.0
2002	1842.0
2003	1886.0
2004	1876.0
2005	1890.0
2006	1892.0
2007	1893.0
2008	1846.0
2009	1879.0
2010	1677.0
2011	1890.0
2012	1821.0
2013	1822.0
2014	
2015	
2016	1826.0
2017	1885.0
2018	1880.0
2019	1891.0
2020	1895.0
2021	1892.0
2022	1739.0
2023	
2024	
2025	1869.0
2026	1891.0
2027	1896.0
2028	
2029	1884.0
2030	
2031	1887.0
2032	1897.0
2033	1739.0
2034	1875.0
2035	1607.0
2036	
2037	
2038	1852.0
2039	1889.0
2040	1821.0
2041	1847.0
2042	
2043	1885.0
2044	1894.0
2045	1837.0
2046	1854.0
2047	1854.0
2048	1756.0
2049	1796.0
2050	
2051	
2052	1826.0
2053	1828.0
2054	1880.0
2055	1863.0
2056	1899.0
2057	
2058	1803.0
2059	1842.0
2060	1888.0
2061	1864.0
2062	
2063	1882.0
2064	1897.0
2065	1866.0
2066	1859.0
2067	1890.0
2068	1891.0
2069	1895.0
2070	1893.0
2071	1884.0
2072	1885.0
2073	1890.0
2074	1889.0
2075	1897.0
2076	1861.0
2077	1734.0
2078	1880.0
2079	1853.0
2080	1886.0
2081	1810.0
2082	1882.0
2083	1881.0
2084	1856.0
2085	1894.0
2086	1851.0
2087	
2088	1885.0
2089	1896.0
2090	1879.0
2091	1872.0
2092	1892.0
2093	1881.0
2094	1899.0
2095	1828.0
2096	1826.0
2097	1890.0
2098	1890.0
2099	
2100	1882.0
2101	1877.0
2102	1838.0
2103	1778.0
2104	1778.0
2105	1804.0
2106	1804.0
2107	1804.0
2108	1819.0
2109	
2110	
2111	
2112	1858.0
2113	1885.0
2114	1893.0
2115	1843.0
2116	1853.0
2117	1869.0
2118	1869.0
2119	1872.0
2120	1850.0
2121	1848.0
2122	1869.0
2123	
2124	1886.0
2125	1882.0
2126	1884.0
2127	
2128	
2129	1813.0
2130	
2131	1884.0
2132	
2133	1885.0
2134	1865.0
2135	1887.0
2136	1846.0
2137	1876.0
2138	1876.0
2139	1867.0
2140	1875.0
2141	1893.0
2142	1866.0
2143	1880.0
2144	1888.0
2145	1864.0
2146	1889.0
2147	1860.0
2148	1866.0
2149	1769.0
2150	1889.0
2151	1895.0
2152	1897.0
2153	1891.0
2154	1873.0
2155	1870.0
2156	1868.0
2157	1877.0
2158	1879.0
2159	1897.0
2160	
2161	1735.0
2162	1867.0
2163	1876.0
2164	1822.0
2165	1892.0
2166	1894.0
2167	1893.0
2168	
2169	1867.0
2170	1865.0
2171	1896.0
2172	1855.0
2173	1825.0
2174	1884.0
2175	1839.0
2176	1884.0
2177	
2178	1867.0
2179	1894.0
2180	1868.0
2181	1878.0
2182	1876.0
2183	1858.0
2184	1892.0
2185	1888.0
2186	1895.0
2187	1887.0
2188	
2189	
2190	1870.0
2191	1856.0
2192	1805.0
2193	1888.0
2194	1894.0
2195	
2196	1884.0
2197	1883.0
2198	1887.0
2199	1854.0
2200	1757.0
2201	
2202	1880.0
2203	1841.0
2204	
2205	1881.0
2206	
2207	1892.0
2208	1893.0
2209	1896.0
2210	1822.0
2211	
2212	1877.0
2213	1891.0
2214	
2215	1858.0
2216	1851.0
2217	1852.0
2218	
2219	1866.0
2220	1862.0
2221	
2222	1884.0
2223	1877.0
2224	1850.0
2225	1850.0
2226	1850.0
2227	1822.0
2228	1760.0
2229	1855.0
2230	1868.0
2231	1778.0
2232	1886.0
2233	1895.0
2234	1897.0
2235	1897.0
2236	
2237	1897.0
2238	1899.0
2239	1896.0
2240	1891.0
2241	1819.0
2242	
2243	1894.0
2244	1882.0
2245	1897.0
2246	1837.0
2247	1834.0
2248	1884.0
2249	1893.0
2250	1888.0
2251	1807.0
2252	1898.0
2253	
2254	
2255	1850.0
2256	1855.0
2257	1881.0
2258	1891.0
2259	1858.0
2260	1891.0
2261	1845.0
2262	1826.0
2263	1884.0
2264	1880.0
2265	1877.0
2266	1886.0
2267	1881.0
2268	1876.0
2269	1822.0
2270	
2271	1898.0
2272	1867.0
2273	1838.0
2274	1846.0
2275	1853.0
2276	
2277	1838.0
2278	1861.0
2279	1853.0
2280	1862.0
2281	
2282	1889.0
2283	1868.0
2284	1800.0
2285	1895.0
2286	1864.0
2287	1865.0
2288	1834.0
2289	1896.0
2290	1821.0
2291	1756.0
2292	1880.0
2293	1894.0
2294	1867.0
2295	1860.0
2296	1858.0
2297	1860.0
2298	1845.0
2299	1842.0
2300	1842.0
2301	1886.0
2302	1878.0
2303	1836.0
2304	1884.0
2305	1867.0
2306	1889.0
2307	1883.0
2308	1865.0
2309	1804.0
2310	1834.0
2311	1889.0
2312	1849.0
2313	1846.0
2314	1802.0
2315	1862.0
2316	
2317	1897.0
2318	1892.0
2319	1896.0
2320	1845.0
2321	1844.0
2322	1880.0
2323	
2324	1882.0
2325	1868.0
2326	1867.0
2327	
2328	1858.0
2329	
2330	1892.0
2331	1890.0
2332	1891.0
2333	1868.0
2334	1839.0
2335	1848.0
2336	1865.0
2337	1887.0
2338	1853.0
2339	1872.0
2340	1891.0
2341	
2342	1879.0
2343	1865.0
2344	1891.0
2345	1888.0
2346	1869.0
2347	1896.0
2348	1895.0
2349	1896.0
2350	1895.0
2351	1897.0
2352	1895.0
2353	1857.0
2354	1829.0
2355	1883.0
2356	1894.0
2357	1861.0
2358	1778.0
2359	
2360	
2361	1691.0
2362	1883.0
2363	1869.0
2364	1899.0
2365	1895.0
2366	1814.0
2367	1760.0
2368	1893.0
2369	1863.0
2370	1812.0
2371	1867.0
2372	1885.0
2373	1875.0
2374	
2375	1838.0
2376	1844.0
2377	1824.0
2378	1863.0
2379	
2380	1882.0
2381	1774.0
2382	1780.0
2383	1765.0
2384	1756.0
2385	1861.0
2386	
2387	1863.0
2388	1867.0
2389	1829.0
2390	1896.0
2391	1893.0
2392	1875.0
2393	1835.0
2394	
2395	
2396	1826.0
2397	1850.0
2398	1850.0
2399	1830.0
2400	
2401	1855.0
2402	1884.0
2403	1876.0
2404	1862.0
2405	1834.0
2406	1857.0
2407	1852.0
2408	1828.0
2409	1867.0
2410	1863.0
2411	1880.0
2412	1899.0
2413	1856.0
2414	1879.0
2415	1812.0
2416	1896.0
2417	1860.0
2418	1839.0
2419	1862.0
2420	1769.0
2421	1757.0
2422	1870.0
2423	1717.0
2424	1753.0
2425	1827.0
2426	1825.0
2427	
2428	1880.0
2429	1855.0
2430	1879.0
2431	1872.0
2432	1811.0
2433	1876.0
2434	1843.0
2435	1879.0
2436	1864.0
2437	1884.0
2438	1872.0
2439	1876.0
2440	1870.0
2441	1873.0
2442	1899.0
2443	1861.0
2444	1862.0
2445	1863.0
2446	1855.0
2447	1872.0
2448	1677.0
2449	1802.0
2450	1818.0
2451	
2452	
2453	1898.0
2454	1819.0
2455	1846.0
2456	
2457	1737.0
2458	1862.0
2459	
2460	1853.0
2461	1860.0
2462	
2463	1864.0
2464	1811.0
2465	1897.0
2466	
2467	
2468	
2469	1853.0
2470	1868.0
2471	1848.0
2472	1864.0
2473	1891.0
2474	1893.0
2475	1803.0
2476	
2477	1843.0
2478	1855.0
2479	1639.0
2480	1846.0
2481	1866.0
2482	1836.0
2483	1661.0
2484	
2485	1746.0
2486	1879.0
2487	1890.0
2488	1888.0
2489	1891.0
2490	1869.0
2491	
2492	1889.0
2493	1894.0
2494	1859.0
2495	1876.0
2496	1837.0
2497	1798.0
2498	1897.0
2499	1861.0
2500	1808.0
2501	
2502	1882.0
2503	1887.0
2504	
2505	1882.0
2506	1829.0
2507	1869.0
2508	1876.0
2509	1871.0
2510	1844.0
2511	1886.0
2512	1823.0
2513	1878.0
2514	1873.0
2515	1873.0
2516	1879.0
2517	
2518	
2519	1818.0
2520	1819.0
2521	1895.0
2522	1852.0
2523	1884.0
2524	1897.0
2525	1897.0
2526	1816.0
2527	1871.0
2528	1888.0
2529	1883.0
2530	1879.0
2531	1876.0
2532	1889.0
2533	1888.0
2534	1836.0
2535	1897.0
2536	1828.0
2537	1881.0
2538	1882.0
2539	1870.0
2540	1898.0
2541	1879.0
2542	1811.0
2543	1847.0
2544	1893.0
2545	1856.0
2546	1861.0
2547	1855.0
2548	1869.0
2549	1892.0
2550	
2551	1845.0
2552	1832.0
2553	1850.0
2554	1896.0
2555	
2556	1806.0
2557	1845.0
2558	1872.0
2559	1872.0
2560	1895.0
2561	1881.0
2562	1877.0
2563	1878.0
2564	
2565	
2566	1870.0
2567	
2568	1867.0
2569	1864.0
2570	
2571	1890.0
2572	1877.0
2573	1899.0
2574	1826.0
2575	1871.0
2576	1878.0
2577	1866.0
2578	1879.0
2579	1894.0
2580	1867.0
2581	1808.0
2582	1819.0
2583	1863.0
2584	
2585	1894.0
2586	1894.0
2587	1880.0
2588	1863.0
2589	1841.0
2590	1820.0
2591	
2592	1893.0
2593	1897.0
2594	
2595	1892.0
2596	1863.0
2597	1866.0
2598	1869.0
2599	1884.0
2600	1856.0
2601	1859.0
2602	1867.0
2603	1640.0
2604	1639.0
2605	1685.0
2606	
2607	1821.0
2608	1821.0
2609	1897.0
2610	1859.0
2611	1898.0
2612	1874.0
2613	1868.0
2614	1883.0
2615	1670.0
2616	1821.0
2617	1874.0
2618	1874.0
2619	1854.0
2620	1863.0
2621	1893.0
2622	1867.0
2623	1822.0
2624	1897.0
2625	
2626	1864.0
2627	1882.0
2628	1895.0
2629	1891.0
2630	1890.0
2631	1875.0
2632	1898.0
2633	1857.0
2634	1851.0
2635	1869.0
2636	1892.0
2637	
2638	1869.0
2639	1896.0
2640	1877.0
2641	1868.0
2642	
2643	1834.0
2644	1881.0
2645	1881.0
2646	1827.0
2647	1850.0
2648	1849.0
2649	1888.0
2650	1890.0
2651	1893.0
2652	1875.0
2653	1893.0
2654	1872.0
2655	1820.0
2656	1869.0
2657	1869.0
2658	1848.0
2659	1822.0
2660	1890.0
2661	1890.0
2662	1804.0
2663	1691.0
2664	1880.0
2665	1810.0
2666	
2667	1808.0
2668	1780.0
2669	1899.0
2670	1865.0
2671	1827.0
2672	1859.0
2673	1888.0
2674	
2675	1858.0
2676	1854.0
2677	1781.0
2678	1865.0
2679	1896.0
2680	1890.0
2681	1852.0
2682	1859.0
2683	1886.0
2684	1879.0
2685	
2686	1892.0
2687	1881.0
2688	1857.0
2689	1859.0
2690	1895.0
2691	1899.0
2692	1878.0
2693	1899.0
2694	1800.0
2695	1814.0
2696	1815.0
2697	1889.0
2698	1850.0
2699	1897.0
2700	1731.0
2701	1886.0
2702	1887.0
2703	1863.0
2704	1845.0
2705	1872.0
2706	1878.0
2707	1873.0
2708	1892.0
2709	1876.0
2710	
2711	1889.0
2712	1890.0
2713	1872.0
2714	1761.0
2715	1889.0
2716	
2717	1880.0
2718	1869.0
2719	1883.0
2720	1841.0
2721	1880.0
2722	1862.0
2723	1847.0
2724	1836.0
2725	1892.0
2726	
2727	
2728	
2729	1816.0
2730	1882.0
2731	1843.0
2732	1850.0
2733	1865.0
2734	1888.0
2735	1844.0
2736	1844.0
2737	
2738	1897.0
2739	1892.0
2740	1858.0
2741	1848.0
2742	1875.0
2743	1800.0
2744	1891.0
2745	1842.0
2746	1893.0
2747	1881.0
2748	1838.0
2749	1746.0
2750	1894.0
2751	1887.0
2752	1888.0
2753	1890.0
2754	1898.0
2755	1898.0
2756	1861.0
2757	1897.0
2758	1896.0
2759	1895.0
2760	
2761	
2762	1843.0
2763	1874.0
2764	1790.0
2765	1849.0
2766	1847.0
2767	1895.0
2768	1829.0
2769	
2770	1860.0
2771	1846.0
2772	1823.0
2773	1812.0
2774	1848.0
2775	
2776	1895.0
2777	1887.0
2778	1861.0
2779	
2780	1824.0
2781	1884.0
2782	1890.0
2783	1889.0
2784	1890.0
2785	1894.0
2786	1835.0
2787	1877.0
2788	1869.0
2789	1791.0
2790	1865.0
2791	1850.0
2792	1861.0
2793	1882.0
2794	1866.0
2795	1874.0
2796	1854.0
2797	1861.0
2798	1802.0
2799	1882.0
2800	1891.0
2801	1892.0
2802	
2803	1758.0
2804	1779.0
2805	1896.0
2806	
2807	1898.0
2808	1866.0
2809	1874.0
2810	1874.0
2811	1819.0
2812	
2813	1884.0
2814	
2815	1851.0
2816	1898.0
2817	1570.0
2818	1865.0
2819	
2820	1895.0
2821	1862.0
2822	1887.0
2823	1721.0
2824	
2825	1885.0
2826	1890.0
2827	1839.0
2828	1896.0
2829	1898.0
2830	1889.0
2831	1864.0
2832	1845.0
2833	1899.0
2834	1865.0
2835	
2836	1868.0
2837	1898.0
2838	1870.0
2839	1846.0
2840	1805.0
2841	1877.0
2842	1860.0
2843	1897.0
2844	1820.0
2845	
2846	1846.0
2847	1869.0
2848	1818.0
2849	
2850	1890.0
2851	1872.0
2852	1875.0
2853	
2854	1848.0
2855	1855.0
2856	1891.0
2857	1891.0
2858	1898.0
2859	1801.0
2860	1888.0
2861	1892.0
2862	1876.0
2863	1877.0
2864	1885.0
2865	1853.0
2866	1864.0
2867	
2868	1858.0
2869	1891.0
2870	1892.0
2871	1842.0
2872	
2873	1796.0
2874	1838.0
2875	1848.0
2876	1854.0
2877	
2878	1899.0
2879	1898.0
2880	1899.0
2881	1870.0
2882	1850.0
2883	1842.0
2884	1879.0
2885	1883.0
2886	1809.0
2887	1864.0
2888	1886.0
2889	1701.0
2890	1897.0
2891	1878.0
2892	
2893	1880.0
2894	1883.0
2895	1841.0
2896	1886.0
2897	1861.0
2898	1897.0
2899	1879.0
2900	1871.0
2901	1850.0
2902	1820.0
2903	1884.0
2904	1892.0
2905	1841.0
2906	1804.0
2907	1850.0
2908	1859.0
2909	
2910	
2911	1801.0
2912	1853.0
2913	1876.0
2914	1890.0
2915	1850.0
2916	1876.0
2917	1889.0
2918	1854.0
2919	1893.0
2920	
2921	1860.0
2922	1894.0
2923	1851.0
2924	1875.0
2925	1876.0
2926	1880.0
2927	
2928	
2929	1852.0
2930	1890.0
2931	1830.0
2932	1866.0
2933	1857.0
2934	1540.0
2935	1887.0
2936	1886.0
2937	1891.0
2938	1856.0
2939	1898.0
2940	1862.0
2941	
2942	1855.0
2943	1851.0
2944	1867.0
2945	1888.0
2946	1821.0
2947	1881.0
2948	1862.0
2949	1885.0
2950	1831.0
2951	1891.0
2952	1875.0
2953	1889.0
2954	1873.0
2955	1803.0
2956	1870.0
2957	
2958	1849.0
2959	1884.0
2960	1806.0
2961	1820.0
2962	1854.0
2963	1858.0
2964	
2965	1865.0
2966	
2967	
2968	
2969	1805.0
2970	1820.0
2971	1866.0
2972	1872.0
2973	1885.0
2974	1881.0
2975	1886.0
2976	1819.0
2977	1837.0
2978	1847.0
2979	
2980	1896.0
2981	
2982	1751.0
2983	1852.0
2984	1864.0
2985	1852.0
2986	1861.0
2987	1891.0
2988	1889.0
2989	1844.0
2990	1891.0
2991	1865.0
2992	1890.0
2993	1829.0
2994	1899.0
2995	1898.0
2996	1896.0
2997	1839.0
2998	1890.0
2999	1894.0
3000	1881.0
3001	1880.0
3002	1820.0
3003	1808.0
3004	1880.0
3005	1895.0
3006	1865.0
3007	1875.0
3008	1898.0
3009	1862.0
3010	1867.0
3011	1818.0
3012	1881.0
3013	1822.0
3014	1870.0
3015	1892.0
3016	1893.0
3017	1898.0
3018	1897.0
3019	1891.0
3020	1880.0
3021	1861.0
3022	1876.0
3023	1887.0
3024	
3025	1886.0
3026	1885.0
3027	1841.0
3028	1891.0
3029	1899.0
3030	1815.0
3031	1816.0
3032	1852.0
3033	1859.0
3034	1887.0
3035	1819.0
3036	1845.0
3037	1856.0
3038	1895.0
3039	1860.0
3040	1803.0
3041	1896.0
3042	1801.0
3043	1882.0
3044	1809.0
3045	
3046	
3047	1871.0
3048	1870.0
3049	1878.0
3050	1895.0
3051	1807.0
3052	1786.0
3053	1775.0
3054	1898.0
3055	1898.0
3056	1843.0
3057	1875.0
3058	1825.0
3059	1876.0
3060	1885.0
3061	
3062	1772.0
3063	1880.0
3064	1881.0
3065	1884.0
3066	1889.0
3067	1889.0
3068	1737.0
3069	1827.0
3070	
3071	1891.0
3072	1857.0
3073	1866.0
3074	1877.0
3075	1864.0
3076	1865.0
3077	1858.0
3078	1867.0
3079	1894.0
3080	1855.0
3081	1878.0
3082	1898.0
3083	1896.0
3084	1876.0
3085	1819.0
3086	1819.0
3087	1874.0
3088	1892.0
3089	1807.0
3090	1869.0
3091	1899.0
3092	1864.0
3093	1844.0
3094	1633.0
3095	1818.0
3096	1752.0
3097	1860.0
3098	1841.0
3099	1867.0
3100	
3101	1845.0
3102	
3103	1876.0
3104	1896.0
3105	1872.0
3106	1845.0
3107	1880.0
3108	1850.0
3109	1888.0
3110	1888.0
3111	1877.0
3112	
3113	1873.0
3114	1854.0
3115	1872.0
3116	1880.0
3117	1879.0
3118	1832.0
3119	1886.0
3120	1880.0
3121	
3122	1864.0
3123	1862.0
3124	1862.0
3125	1881.0
3126	1699.0
3127	1703.0
3128	1874.0
3129	1648.0
3130	1894.0
3131	1886.0
3132	1892.0
3133	1860.0
3134	
3135	1893.0
3136	1878.0
3137	1854.0
3138	1834.0
3139	1868.0
3140	1889.0
3141	1803.0
3142	1816.0
3143	1888.0
3144	1889.0
3145	
3146	1882.0
3147	
3148	1853.0
3149	1899.0
3150	1896.0
3151	1877.0
3152	1877.0
3153	1870.0
3154	1878.0
3155	1879.0
3156	1891.0
3157	1854.0
3158	1854.0
3159	1856.0
3160	1898.0
3161	1844.0
3162	1897.0
3163	1834.0
3164	1876.0
3165	1807.0
3166	1881.0
3167	
3168	1801.0
3169	1819.0
3170	1811.0
3171	1850.0
3172	1850.0
3173	
3174	1744.0
3175	1720.0
3176	1892.0
3177	1861.0
3178	1824.0
3179	1891.0
3180	1865.0
3181	1891.0
3182	1890.0
3183	1897.0
3184	1835.0
3185	1871.0
3186	1864.0
3187	1640.0
3188	1887.0
3189	1896.0
3190	
3191	1871.0
3192	1872.0
3193	1880.0
3194	1884.0
3195	1895.0
3196	1867.0
3197	1879.0
3198	1880.0
3199	
3200	1855.0
3201	1883.0
3202	1859.0
3203	1898.0
3204	1812.0
3205	1867.0
3206	1801.0
3207	1870.0
3208	1889.0
3209	1895.0
3210	1876.0
3211	1832.0
3212	1875.0
3213	1897.0
3214	
3215	1866.0
3216	1878.0
3217	1884.0
3218	
3219	1885.0
3220	1880.0
3221	1893.0
3222	1893.0
3223	1839.0
3224	1882.0
3225	1888.0
3226	1893.0
3227	1882.0
3228	
3229	1850.0
3230	1853.0
3231	1864.0
3232	1880.0
3233	1826.0
3234	
3235	1838.0
3236	
3237	
3238	1861.0
3239	1877.0
3240	1841.0
3241	
3242	1843.0
3243	1850.0
3244	1858.0
3245	1893.0
3246	1861.0
3247	1875.0
3248	1847.0
3249	1854.0
3250	1875.0
3251	1897.0
3252	1887.0
3253	1870.0
3254	1883.0
3255	1880.0
3256	1849.0
3257	1830.0
3258	1884.0
3259	1802.0
3260	1869.0
3261	1885.0
3262	1816.0
3263	
3264	1886.0
3265	
3266	1892.0
3267	
3268	1872.0
3269	1888.0
3270	1864.0
3271	1863.0
3272	1872.0
3273	1869.0
3274	1820.0
3275	1833.0
3276	1899.0
3277	1854.0
3278	1876.0
3279	
3280	1887.0
3281	1898.0
3282	1846.0
3283	1895.0
3284	1852.0
3285	1810.0
3286	1812.0
3287	
3288	1875.0
3289	1866.0
3290	1719.0
3291	
3292	1818.0
3293	1889.0
3294	1876.0
3295	1831.0
3296	
3297	1895.0
3298	1876.0
3299	1897.0
3300	1691.0
3301	1880.0
3302	
3303	1869.0
3304	1898.0
3305	1883.0
3306	1883.0
3307	
3308	1848.0
3309	1807.0
3310	1801.0
3311	1865.0
3312	1870.0
3313	
3314	1894.0
3315	1844.0
3316	1878.0
3317	1888.0
3318	1886.0
3319	1890.0
3320	1884.0
3321	1883.0
3322	1861.0
3323	1876.0
3324	1883.0
3325	1881.0
3326	1875.0
3327	1882.0
3328	1882.0
3329	1880.0
3330	1828.0
3331	1868.0
3332	1899.0
3333	1844.0
3334	1856.0
3335	1856.0
3336	1854.0
3337	1889.0
3338	1886.0
3339	1884.0
3340	1846.0
3341	
3342	1870.0
3343	1874.0
3344	1868.0
3345	1875.0
3346	1863.0
3347	1885.0
3348	1863.0
3349	1823.0
3350	1855.0
3351	1880.0
3352	1863.0
3353	1850.0
3354	1827.0
3355	1829.0
3356	1848.0
3357	1896.0
3358	1656.0
3359	
3360	1829.0
3361	1829.0
3362	
3363	1891.0
3364	1868.0
3365	1858.0
3366	1877.0
3367	1850.0
3368	1881.0
3369	1844.0
3370	
3371	1833.0
3372	1896.0
3373	1888.0
3374	1864.0
3375	1874.0
3376	1661.0
3377	1809.0
3378	1873.0
3379	1890.0
3380	1865.0
3381	1868.0
3382	1891.0
3383	
3384	
3385	1793.0
3386	
3387	1845.0
3388	1850.0
3389	1824.0
3390	1823.0
3391	1893.0
3392	1897.0
3393	1892.0
3394	1886.0
3395	
3396	1880.0
3397	1807.0
3398	1854.0
3399	1866.0
3400	
3401	1859.0
3402	
3403	
3404	1853.0
3405	1885.0
3406	1830.0
3407	1869.0
3408	1882.0
3409	1813.0
3410	
3411	1874.0
3412	1828.0
3413	1800.0
3414	1895.0
3415	1884.0
3416	1884.0
3417	
3418	
3419	1843.0
3420	1890.0
3421	
3422	1673.0
3423	1852.0
3424	1883.0
3425	1821.0
3426	1824.0
3427	1846.0
3428	1858.0
3429	1862.0
3430	1875.0
3431	1897.0
3432	1847.0
3433	1882.0
3434	1893.0
3435	1880.0
3436	1859.0
3437	1883.0
3438	1890.0
3439	1848.0
3440	
3441	1869.0
3442	1866.0
3443	1886.0
3444	1892.0
3445	
3446	
3447	1891.0
3448	1848.0
3449	1836.0
3450	1885.0
3451	1875.0
3452	1869.0
3453	1868.0
3454	1872.0
3455	1857.0
3456	1838.0
3457	1915.0
3458	
3459	
3460	1875.0
3461	
3462	1892.0
3463	1892.0
3464	1894.0
3465	1897.0
3466	
3467	1885.0
3468	
3469	1897.0
3470	1897.0
3471	1891.0
3472	1845.0
3473	1881.0
3474	1873.0
3475	1893.0
3476	1876.0
3477	1860.0
3478	1826.0
3479	1881.0
3480	1897.0
3481	1858.0
3482	1834.0
3483	
3484	1896.0
3485	1861.0
3486	1860.0
3487	
3488	1855.0
3489	1876.0
3490	1874.0
3491	1842.0
3492	1819.0
3493	1839.0
3494	1839.0
3495	1846.0
3496	1846.0
3497	1847.0
3498	1897.0
3499	1867.0
3500	1873.0
3501	1874.0
3502	1885.0
3503	1895.0
3504	1861.0
3505	1896.0
3506	1896.0
3507	1871.0
3508	1891.0
3509	1894.0
3510	1891.0
3511	1872.0
3512	1896.0
3513	1860.0
3514	1845.0
3515	1631.0
3516	1870.0
3517	
3518	1852.0
3519	1887.0
3520	1893.0
3521	1804.0
3522	1875.0
3523	1749.0
3524	1875.0
3525	1892.0
3526	1877.0
3527	1807.0
3528	
3529	1893.0
3530	1870.0
3531	1892.0
3532	1858.0
3533	1839.0
3534	1887.0
3535	1899.0
3536	1859.0
3537	1859.0
3538	1804.0
3539	1822.0
3540	1725.0
3541	1885.0
3542	1795.0
3543	1832.0
3544	1751.0
3545	1888.0
3546	1862.0
3547	1871.0
3548	1872.0
3549	1881.0
3550	1856.0
3551	1893.0
3552	1896.0
3553	1859.0
3554	1838.0
3555	1821.0
3556	1850.0
3557	1894.0
3558	
3559	
3560	1866.0
3561	1872.0
3562	1756.0
3563	1737.0
3564	1753.0
3565	1896.0
3566	1863.0
3567	1859.0
3568	1872.0
3569	1877.0
3570	1864.0
3571	1845.0
3572	1892.0
3573	
3574	1876.0
3575	1815.0
3576	1815.0
3577	1867.0
3578	1890.0
3579	1842.0
3580	1875.0
3581	1869.0
3582	1870.0
3583	1898.0
3584	1861.0
3585	1882.0
3586	1869.0
3587	1897.0
3588	1865.0
3589	1896.0
3590	1898.0
3591	1892.0
3592	1891.0
3593	1855.0
3594	1717.0
3595	1886.0
3596	1819.0
3597	1805.0
3598	1890.0
3599	1654.0
3600	1886.0
3601	1866.0
3602	1865.0
3603	
3604	
3605	1872.0
3606	1882.0
3607	
3608	1897.0
3609	1855.0
3610	1856.0
3611	1860.0
3612	1824.0
3613	1869.0
3614	1874.0
3615	1878.0
3616	1891.0
3617	1824.0
3618	1898.0
3619	1888.0
3620	1737.0
3621	
3622	1866.0
3623	1878.0
3624	1887.0
3625	
3626	1857.0
3627	1881.0
3628	1887.0
3629	1898.0
3630	1886.0
3631	1882.0
3632	1886.0
3633	1888.0
3634	1891.0
3635	1899.0
3636	1880.0
3637	1892.0
3638	1893.0
3639	1891.0
3640	1877.0
3641	1877.0
3642	1853.0
3643	1898.0
3644	
3645	1887.0
3646	1860.0
3647	1835.0
3648	1836.0
3649	1836.0
3650	
3651	1838.0
3652	1860.0
3653	1860.0
3654	1844.0
3655	1868.0
3656	1836.0
3657	1814.0
3658	1814.0
3659	1815.0
3660	1824.0
3661	1815.0
3662	1856.0
3663	1891.0
3664	1884.0
3665	1843.0
3666	1875.0
3667	1859.0
3668	1859.0
3669	1860.0
3670	1877.0
3671	1880.0
3672	1869.0
3673	
3674	1834.0
3675	1881.0
3676	1869.0
3677	1880.0
3678	1886.0
3679	1885.0
3680	1894.0
3681	1839.0
3682	1897.0
3683	1883.0
3684	1858.0
3685	1856.0
3686	1893.0
3687	1885.0
3688	1828.0
3689	1873.0
3690	1899.0
3691	1883.0
3692	
3693	1867.0
3694	1819.0
3695	1897.0
3696	1878.0
3697	1826.0
3698	1827.0
3699	
3700	1878.0
3701	1864.0
3702	
3703	1873.0
3704	1805.0
3705	1886.0
3706	
3707	
3708	1852.0
3709	1800.0
3710	1873.0
3711	1895.0
3712	1873.0
3713	1837.0
3714	1838.0
3715	1820.0
3716	1797.0
3717	1810.0
3718	1698.0
3719	1893.0
3720	1884.0
3721	
3722	1791.0
3723	1647.0
3724	1790.0
3725	1888.0
3726	1690.0
3727	1892.0
3728	1867.0
3729	1853.0
3730	1863.0
3731	1874.0
3732	1852.0
3733	1898.0
3734	1869.0
3735	1752.0
3736	1891.0
3737	1882.0
3738	
3739	1864.0
3740	1895.0
3741	1859.0
3742	1823.0
3743	1868.0
3744	1796.0
3745	1663.0
3746	
3747	1855.0
3748	1864.0
3749	1835.0
3750	1896.0
3751	1827.0
3752	1875.0
3753	1890.0
3754	1884.0
3755	1779.0
3756	1890.0
3757	1633.0
3758	
3759	
3760	1862.0
3761	1848.0
3762	1871.0
3763	1876.0
3764	1825.0
3765	1859.0
3766	1859.0
3767	1882.0
3768	1890.0
3769	1899.0
3770	1847.0
3771	1897.0
3772	
3773	1862.0
3774	1898.0
3775	
3776	1804.0
3777	1692.0
3778	1884.0
3779	1887.0
3780	1897.0
3781	1845.0
3782	1863.0
3783	1847.0
3784	1870.0
3785	1860.0
3786	1783.0
3787	1897.0
3788	1896.0
3789	1823.0
3790	1888.0
3791	1890.0
3792	1849.0
3793	1852.0
3794	1875.0
3795	1897.0
3796	1819.0
3797	1890.0
3798	1840.0
3799	1864.0
3800	1853.0
3801	1893.0
3802	1897.0
3803	1856.0
3804	1878.0
3805	1887.0
3806	1861.0
3807	1841.0
3808	1879.0
3809	1880.0
3810	1841.0
3811	1871.0
3812	1872.0
3813	1865.0
3814	1853.0
3815	1899.0
3816	
3817	1849.0
3818	1673.0
3819	1882.0
3820	1860.0
3821	1899.0
3822	1886.0
3823	1896.0
3824	1896.0
3825	
3826	1895.0
3827	1894.0
3828	1819.0
3829	1887.0
3830	1899.0
3831	1876.0
3832	
3833	1850.0
3834	1898.0
3835	1876.0
3836	1877.0
3837	1880.0
3838	1890.0
3839	1890.0
3840	1881.0
3841	1869.0
3842	1895.0
3843	1878.0
3844	1882.0
3845	
3846	1895.0
3847	1867.0
3848	1884.0
3849	1858.0
3850	1887.0
3851	1882.0
3852	1885.0
3853	1898.0
3854	1891.0
3855	1713.0
3856	1779.0
3857	1877.0
3858	1874.0
3859	1689.0
3860	1879.0
3861	1861.0
3862	
3863	1889.0
3864	1821.0
3865	1899.0
3866	1878.0
3867	
3868	1792.0
3869	1806.0
3870	1817.0
3871	1897.0
3872	1893.0
3873	1895.0
3874	1894.0
3875	1894.0
3876	1888.0
3877	1877.0
3878	1889.0
3879	1872.0
3880	1899.0
3881	1821.0
3882	1890.0
3883	1889.0
3884	1819.0
3885	1864.0
3886	1880.0
3887	1855.0
3888	1893.0
3889	1892.0
3890	
3891	1875.0
3892	1898.0
3893	1807.0
3894	1873.0
3895	1877.0
3896	1875.0
3897	1811.0
3898	1863.0
3899	1783.0
3900	
3901	1871.0
3902	1891.0
3903	1736.0
3904	1894.0
3905	1892.0
3906	
3907	
3908	
3909	1700.0
3910	
3911	1881.0
3912	1824.0
3913	
3914	1823.0
3915	
3916	1897.0
3917	1798.0
3918	1883.0
3919	1856.0
3920	1878.0
3921	1892.0
3922	
3923	1889.0
3924	1890.0
3925	1887.0
3926	1889.0
3927	
3928	1818.0
3929	1869.0
3930	1791.0
3931	1837.0
3932	1895.0
3933	1852.0
3934	
3935	1872.0
3936	1842.0
3937	
3938	1814.0
3939	1892.0
3940	1888.0
3941	1890.0
3942	1828.0
3943	
3944	1878.0
3945	1895.0
3946	1848.0
3947	1824.0
3948	1897.0
3949	1835.0
3950	1899.0
3951	1828.0
3952	1887.0
3953	1893.0
3954	1896.0
3955	1899.0
3956	1890.0
3957	1861.0
3958	1833.0
3959	1870.0
3960	1878.0
3961	1824.0
3962	1809.0
3963	1857.0
3964	1879.0
3965	1825.0
3966	1854.0
3967	
3968	1884.0
3969	
3970	
3971	1895.0
3972	1896.0
3973	1885.0
3974	1898.0
3975	1888.0
3976	1874.0
3977	1875.0
3978	
3979	
3980	
3981	1893.0
3982	1829.0
3983	1848.0
3984	1850.0
3985	1848.0
3986	1870.0
3987	1875.0
3988	1873.0
3989	
3990	1889.0
3991	1876.0
3992	1839.0
3993	1861.0
3994	1861.0
3995	1884.0
3996	1860.0
3997	1865.0
3998	1890.0
3999	1893.0
4000	1772.0
4001	1772.0
4002	1876.0
4003	1877.0
4004	
4005	
4006	1846.0
4007	1853.0
4008	1868.0
4009	1868.0
4010	1889.0
4011	1887.0
4012	1872.0
4013	1847.0
4014	1899.0
4015	1895.0
4016	1861.0
4017	1886.0
4018	1833.0
4019	
4020	1859.0
4021	1879.0
4022	1870.0
4023	1852.0
4024	1881.0
4025	1828.0
4026	1866.0
4027	1895.0
4028	1895.0
4029	1883.0
4030	1815.0
4031	1891.0
4032	
4033	1875.0
4034	1898.0
4035	1895.0
4036	1846.0
4037	1898.0
4038	1860.0
4039	1881.0
4040	1899.0
4041	1897.0
4042	1896.0
4043	1896.0
4044	
4045	1894.0
4046	1885.0
4047	1885.0
4048	1890.0
4049	1801.0
4050	1879.0
4051	
4052	1897.0
4053	1892.0
4054	1895.0
4055	1888.0
4056	1891.0
4057	1892.0
4058	1802.0
4059	1864.0
4060	
4061	1894.0
4062	1891.0
4063	1855.0
4064	1814.0
4065	1876.0
4066	1879.0
4067	1861.0
4068	1874.0
4069	1861.0
4070	1877.0
4071	1878.0
4072	1881.0
4073	
4074	
4075	1887.0
4076	1871.0
4077	1831.0
4078	1843.0
4079	1881.0
4080	1831.0
4081	1869.0
4082	1844.0
4083	1839.0
4084	1890.0
4085	1899.0
4086	1868.0
4087	1842.0
4088	1820.0
4089	1826.0
4090	1854.0
4091	1898.0
4092	1880.0
4093	1891.0
4094	1863.0
4095	1866.0
4096	1863.0
4097	1861.0
4098	1885.0
4099	1861.0
4100	1799.0
4101	1798.0
4102	1798.0
4103	1799.0
4104	1799.0
4105	1821.0
4106	1889.0
4107	1860.0
4108	1865.0
4109	1889.0
4110	1894.0
4111	1895.0
4112	1887.0
4113	1894.0
4114	1864.0
4115	1892.0
4116	1886.0
4117	1891.0
4118	1848.0
4119	1898.0
4120	1889.0
4121	
4122	
4123	1882.0
4124	1897.0
4125	1822.0
4126	1870.0
4127	1829.0
4128	1869.0
4129	1843.0
4130	1817.0
4131	
4132	1840.0
4133	1765.0
4134	1765.0
4135	1857.0
4136	
4137	1894.0
4138	1896.0
4139	1889.0
4140	1802.0
4141	1815.0
4142	1853.0
4143	1839.0
4144	1837.0
4145	1860.0
4146	
4147	1895.0
4148	1816.0
4149	
4150	1836.0
4151	
4152	1883.0
4153	1871.0
4154	1864.0
4155	1864.0
4156	1856.0
4157	1874.0
4158	1781.0
4159	1859.0
4160	1834.0
4161	1870.0
4162	
4163	1837.0
4164	1818.0
4165	1814.0
4166	1883.0
4167	1878.0
4168	1842.0
4169	1801.0
4170	1860.0
4171	1860.0
4172	1843.0
4173	1877.0
4174	1887.0
4175	1785.0
4176	
4177	1854.0
4178	1800.0
4179	1872.0
4180	1895.0
4181	1837.0
4182	1857.0
4183	1798.0
4184	1886.0
4185	
4186	1849.0
4187	1865.0
4188	1868.0
4189	1895.0
4190	1899.0
4191	1840.0
4192	1885.0
4193	1893.0
4194	1889.0
4195	1893.0
4196	1850.0
4197	1876.0
4198	1810.0
4199	1874.0
4200	1886.0
4201	1807.0
4202	1842.0
4203	1844.0
4204	1873.0
4205	
4206	1830.0
4207	1840.0
4208	
4209	
4210	1897.0
4211	1898.0
4212	1875.0
4213	1868.0
4214	1860.0
4215	1896.0
4216	1879.0
4217	1888.0
4218	1895.0
4219	1890.0
4220	1891.0
4221	1883.0
4222	1847.0
4223	1863.0
4224	1849.0
4225	1863.0
4226	1884.0
4227	1886.0
4228	1880.0
4229	1892.0
4230	1871.0
4231	1876.0
4232	1881.0
4233	1888.0
4234	1845.0
4235	1857.0
4236	1860.0
4237	1837.0
4238	1888.0
4239	1895.0
4240	1890.0
4241	1800.0
4242	1853.0
4243	1821.0
4244	1883.0
4245	1857.0
4246	1882.0
4247	1816.0
4248	1877.0
4249	1890.0
4250	1864.0
4251	1866.0
4252	1886.0
4253	1842.0
4254	1849.0
4255	1855.0
4256	1885.0
4257	1868.0
4258	1852.0
4259	
4260	1898.0
4261	1886.0
4262	1860.0
4263	1774.0
4264	1874.0
4265	1884.0
4266	
4267	
4268	1843.0
4269	
4270	1830.0
4271	1824.0
4272	
4273	1892.0
4274	1882.0
4275	1876.0
4276	1817.0
4277	
4278	1873.0
4279	1677.0
4280	1865.0
4281	1889.0
4282	1859.0
4283	1859.0
4284	1859.0
4285	1859.0
4286	1859.0
4287	1894.0
4288	1888.0
4289	1857.0
4290	1889.0
4291	1886.0
4292	1888.0
4293	1851.0
4294	1820.0
4295	1876.0
4296	1878.0
4297	1811.0
4298	1869.0
4299	
4300	1827.0
4301	1870.0
4302	1872.0
4303	1867.0
4304	1844.0
4305	1866.0
4306	1859.0
4307	1893.0
4308	1888.0
4309	1889.0
4310	1892.0
4311	1896.0
4312	1891.0
4313	1792.0
4314	1776.0
4315	1880.0
4316	1866.0
4317	1866.0
4318	1892.0
4319	1840.0
4320	1851.0
4321	
4322	
4323	
4324	1883.0
4325	
4326	1840.0
4327	1830.0
4328	1862.0
4329	1897.0
4330	1896.0
4331	1897.0
4332	1841.0
4333	
4334	1879.0
4335	1881.0
4336	1846.0
4337	1836.0
4338	1897.0
4339	1860.0
4340	1881.0
4341	1894.0
4342	1881.0
4343	1886.0
4344	1883.0
4345	1848.0
4346	1800.0
4347	1895.0
4348	1854.0
4349	1860.0
4350	1873.0
4351	1886.0
4352	1806.0
4353	1839.0
4354	1832.0
4355	1892.0
4356	1845.0
4357	1899.0
4358	1862.0
4359	1852.0
4360	1858.0
4361	1835.0
4362	1846.0
4363	
4364	1883.0
4365	1886.0
4366	1893.0
4367	1774.0
4368	1851.0
4369	
4370	
4371	1879.0
4372	1875.0
4373	1860.0
4374	1786.0
4375	1880.0
4376	1890.0
4377	1875.0
4378	1889.0
4379	1896.0
4380	
4381	1729.0
4382	1841.0
4383	1823.0
4384	1829.0
4385	1839.0
4386	1897.0
4387	1859.0
4388	1859.0
4389	1857.0
4390	1858.0
4391	1858.0
4392	1857.0
4393	1898.0
4394	1893.0
4395	1840.0
4396	1848.0
4397	1880.0
4398	1862.0
4399	1874.0
4400	1897.0
4401	1806.0
4402	1814.0
4403	1814.0
4404	1815.0
4405	1855.0
4406	1857.0
4407	1819.0
4408	1818.0
4409	1891.0
4410	1886.0
4411	
4412	1877.0
4413	1868.0
4414	1812.0
4415	1882.0
4416	1775.0
4417	1890.0
4418	1870.0
4419	1860.0
4420	1890.0
4421	1890.0
4422	1871.0
4423	1873.0
4424	1889.0
4425	1893.0
4426	1879.0
4427	1891.0
4428	1889.0
4429	1816.0
4430	1835.0
4431	1890.0
4432	1806.0
4433	1896.0
4434	1833.0
4435	1834.0
4436	1895.0
4437	1854.0
4438	1879.0
4439	1815.0
4440	1855.0
4441	1811.0
4442	1875.0
4443	1876.0
4444	1748.0
4445	
4446	1866.0
4447	1852.0
4448	1819.0
4449	1886.0
4450	1823.0
4451	1804.0
4452	1872.0
4453	1841.0
4454	1869.0
4455	1885.0
4456	1733.0
4457	1860.0
4458	1860.0
4459	1874.0
4460	1876.0
4461	1899.0
4462	1859.0
4463	1866.0
4464	1895.0
4465	1844.0
4466	1880.0
4467	1814.0
4468	1822.0
4469	1830.0
4470	1844.0
4471	1822.0
4472	1821.0
4473	1847.0
4474	1897.0
4475	1896.0
4476	1867.0
4477	
4478	1840.0
4479	1805.0
4480	1879.0
4481	1801.0
4482	1891.0
4483	1743.0
4484	1863.0
4485	1864.0
4486	1883.0
4487	1838.0
4488	1895.0
4489	1794.0
4490	1866.0
4491	
4492	1875.0
4493	1875.0
4494	1870.0
4495	1868.0
4496	1873.0
4497	
4498	1833.0
4499	1886.0
4500	
4501	1647.0
4502	1867.0
4503	1847.0
4504	1832.0
4505	1876.0
4506	1894.0
4507	
4508	1845.0
4509	1889.0
4510	1883.0
4511	1865.0
4512	
4513	1881.0
4514	1839.0
4515	1894.0
4516	1865.0
4517	1857.0
4518	1854.0
4519	1871.0
4520	1876.0
4521	1862.0
4522	1871.0
4523	1864.0
4524	1872.0
4525	1875.0
4526	1866.0
4527	1889.0
4528	1873.0
4529	1891.0
4530	1872.0
4531	1859.0
4532	1868.0
4533	1693.0
4534	1861.0
4535	1881.0
4536	1887.0
4537	1803.0
4538	1804.0
4539	1831.0
4540	1885.0
4541	1851.0
4542	1808.0
4543	1892.0
4544	1857.0
4545	1875.0
4546	
4547	
4548	1892.0
4549	1899.0
4550	1896.0
4551	1899.0
4552	1898.0
4553	1899.0
4554	1677.0
4555	1858.0
4556	
4557	1875.0
4558	1891.0
4559	1884.0
4560	1884.0
4561	1863.0
4562	1839.0
4563	1894.0
4564	1883.0
4565	1809.0
4566	1816.0
4567	1896.0
4568	1874.0
4569	1875.0
4570	1880.0
4571	1840.0
4572	1858.0
4573	1852.0
4574	1863.0
4575	1830.0
4576	1856.0
4577	1878.0
4578	1888.0
4579	1847.0
4580	1874.0
4581	1899.0
4582	1872.0
4583	1851.0
4584	1861.0
4585	
4586	
4587	1856.0
4588	1836.0
4589	1859.0
4590	1835.0
4591	1878.0
4592	1896.0
4593	1839.0
4594	1875.0
4595	1850.0
4596	
4597	1864.0
4598	1879.0
4599	1855.0
4600	1870.0
4601	1775.0
4602	
4603	1896.0
4604	
4605	1877.0
4606	
4607	1816.0
4608	1892.0
4609	1853.0
4610	1658.0
4611	1829.0
4612	1840.0
4613	1632.0
4614	1828.0
4615	1882.0
4616	1831.0
4617	
4618	1848.0
4619	1875.0
4620	1867.0
4621	1896.0
4622	
4623	1892.0
4624	
4625	1881.0
4626	1896.0
4627	1816.0
4628	1860.0
4629	1849.0
4630	1868.0
4631	1873.0
4632	1893.0
4633	1888.0
4634	1876.0
4635	1880.0
4636	1879.0
4637	1885.0
4638	1881.0
4639	1884.0
4640	1878.0
4641	1888.0
4642	1886.0
4643	1859.0
4644	1857.0
4645	1898.0
4646	1854.0
4647	1862.0
4648	1862.0
4649	1848.0
4650	1826.0
4651	1866.0
4652	1890.0
4653	1870.0
4654	1880.0
4655	
4656	1897.0
4657	1873.0
4658	1859.0
4659	
4660	1898.0
4661	1886.0
4662	
4663	1895.0
4664	1876.0
4665	1852.0
4666	1881.0
4667	1880.0
4668	1867.0
4669	1890.0
4670	1872.0
4671	1896.0
4672	1890.0
4673	1811.0
4674	1867.0
4675	1877.0
4676	
4677	1836.0
4678	1897.0
4679	1861.0
4680	1870.0
4681	1835.0
4682	1836.0
4683	1834.0
4684	1895.0
4685	1879.0
4686	1834.0
4687	1866.0
4688	1898.0
4689	1819.0
4690	1890.0
4691	1881.0
4692	1877.0
4693	1874.0
4694	1896.0
4695	1883.0
4696	1880.0
4697	1897.0
4698	1850.0
4699	1815.0
4700	1872.0
4701	1888.0
4702	1829.0
4703	
4704	1841.0
4705	1841.0
4706	1879.0
4707	1877.0
4708	1887.0
4709	1892.0
4710	1895.0
4711	1896.0
4712	1899.0
4713	1815.0
4714	1815.0
4715	1816.0
4716	1896.0
4717	1889.0
4718	1877.0
4719	1862.0
4720	
4721	1788.0
4722	1885.0
4723	1872.0
4724	1840.0
4725	1880.0
4726	1837.0
4727	1838.0
4728	1849.0
4729	1848.0
4730	1874.0
4731	
4732	1894.0
4733	1888.0
4734	1876.0
4735	1895.0
4736	1892.0
4737	1848.0
4738	1899.0
4739	1862.0
4740	1891.0
4741	1894.0
4742	1893.0
4743	1882.0
4744	
4745	1822.0
4746	1892.0
4747	1856.0
4748	1768.0
4749	1866.0
4750	1887.0
4751	
4752	1878.0
4753	
4754	1822.0
4755	1891.0
4756	1884.0
4757	1887.0
4758	1839.0
4759	1887.0
4760	1895.0
4761	1897.0
4762	1866.0
4763	1869.0
4764	1863.0
4765	1850.0
4766	1890.0
4767	1851.0
4768	1888.0
4769	1782.0
4770	1896.0
4771	1898.0
4772	
4773	1887.0
4774	1897.0
4775	
4776	1891.0
4777	
4778	
4779	1847.0
4780	1894.0
4781	1896.0
4782	1847.0
4783	
4784	1823.0
4785	1825.0
4786	1826.0
4787	1817.0
4788	
4789	1889.0
4790	1891.0
4791	1894.0
4792	1847.0
4793	1888.0
4794	1811.0
4795	1863.0
4796	1855.0
4797	1869.0
4798	1875.0
4799	1853.0
4800	1856.0
4801	1856.0
4802	
4803	
4804	1867.0
4805	1863.0
4806	1898.0
4807	1876.0
4808	1788.0
4809	1877.0
4810	1817.0
4811	1818.0
4812	1862.0
4813	1898.0
4814	1895.0
4815	1814.0
4816	1880.0
4817	1871.0
4818	1874.0
4819	1899.0
4820	1893.0
4821	1896.0
4822	1876.0
4823	1875.0
4824	1850.0
4825	
4826	1887.0
4827	1862.0
4828	1859.0
4829	1845.0
4830	1881.0
4831	1889.0
4832	1878.0
4833	1865.0
4834	1896.0
4835	1895.0
4836	1896.0
4837	1897.0
4838	1896.0
4839	1897.0
4840	1897.0
4841	1895.0
4842	1896.0
4843	1897.0
4844	1897.0
4845	1897.0
4846	1856.0
4847	
4848	1899.0
4849	1897.0
4850	1899.0
4851	1885.0
4852	1602.0
4853	1884.0
4854	1862.0
4855	1886.0
4856	1893.0
4857	1889.0
4858	1866.0
4859	1890.0
4860	1863.0
4861	1853.0
4862	1894.0
4863	1880.0
4864	1849.0
4865	1878.0
4866	1888.0
4867	1887.0
4868	1890.0
4869	1868.0
4870	1859.0
4871	1888.0
4872	1838.0
4873	1810.0
4874	1801.0
4875	1822.0
4876	1865.0
4877	1850.0
4878	1823.0
4879	1864.0
4880	1850.0
4881	1839.0
4882	1798.0
4883	1774.0
4884	1896.0
4885	1866.0
4886	1847.0
4887	1862.0
4888	
4889	1866.0
4890	
4891	1805.0
4892	1864.0
4893	1810.0
4894	1818.0
4895	1893.0
4896	1656.0
4897	1894.0
4898	1870.0
4899	
4900	1866.0
4901	1862.0
4902	1847.0
4903	1834.0
4904	1842.0
4905	1891.0
4906	
4907	1824.0
4908	1810.0
4909	1864.0
4910	1821.0
4911	1858.0
4912	1882.0
4913	1890.0
4914	1872.0
4915	1857.0
4916	1876.0
4917	1885.0
4918	1877.0
4919	1853.0
4920	1845.0
4921	1871.0
4922	1860.0
4923	1885.0
4924	1812.0
4925	1865.0
4926	1874.0
4927	
4928	1856.0
4929	1858.0
4930	1874.0
4931	1896.0
4932	1862.0
4933	
4934	1779.0
4935	
4936	1805.0
4937	1884.0
4938	1848.0
4939	1831.0
4940	1862.0
4941	1879.0
4942	1877.0
4943	1864.0
4944	1812.0
4945	1843.0
4946	
4947	1877.0
4948	1877.0
4949	1854.0
4950	1885.0
4951	1830.0
4952	
4953	
4954	
4955	1878.0
4956	1847.0
4957	1820.0
4958	1844.0
4959	1865.0
4960	1878.0
4961	1875.0
4962	1898.0
4963	1852.0
4964	1891.0
4965	1815.0
4966	1820.0
4967	1853.0
4968	1850.0
4969	1898.0
4970	
4971	1877.0
4972	1876.0
4973	1885.0
4974	1872.0
4975	1876.0
4976	1851.0
4977	1896.0
4978	1827.0
4979	1876.0
4980	1870.0
4981	1863.0
4982	
4983	1871.0
4984	1641.0
4985	1641.0
4986	1874.0
4987	1891.0
4988	1874.0
4989	1765.0
4990	1835.0
4991	1872.0
4992	1876.0
4993	1887.0
4994	1817.0
4995	1881.0
4996	1881.0
4997	1897.0
4998	1896.0
4999	1858.0
5000	
5001	
5002	1893.0
5003	1889.0
5004	1869.0
5005	1821.0
5006	
5007	1853.0
5008	1864.0
5009	1893.0
5010	1894.0
5011	1874.0
5012	1891.0
5013	1873.0
5014	
5015	
5016	1860.0
5017	1881.0
5018	1742.0
5019	1865.0
5020	1833.0
5021	1867.0
5022	1805.0
5023	
5024	
5025	1889.0
5026	1891.0
5027	1869.0
5028	1869.0
5029	1845.0
5030	1882.0
5031	1876.0
5032	1794.0
5033	1834.0
5034	1877.0
5035	1802.0
5036	1802.0
5037	1640.0
5038	1778.0
5039	1653.0
5040	1661.0
5041	1826.0
5042	1887.0
5043	1867.0
5044	1867.0
5045	1896.0
5046	1899.0
5047	1852.0
5048	1892.0
5049	1879.0
5050	1896.0
5051	1854.0
5052	1899.0
5053	
5054	1889.0
5055	
5056	1891.0
5057	1870.0
5058	1863.0
5059	1843.0
5060	1888.0
5061	1871.0
5062	1865.0
5063	1854.0
5064	1892.0
5065	1823.0
5066	1879.0
5067	1894.0
5068	
5069	1869.0
5070	1851.0
5071	1695.0
5072	1853.0
5073	1878.0
5074	
5075	
5076	1881.0
5077	1893.0
5078	1763.0
5079	1788.0
5080	1686.0
5081	1831.0
5082	1894.0
5083	1806.0
5084	1826.0
5085	1847.0
5086	1870.0
5087	1819.0
5088	1898.0
5089	1778.0
5090	1860.0
5091	1825.0
5092	1771.0
5093	1796.0
5094	1890.0
5095	
5096	1808.0
5097	1866.0
5098	1802.0
5099	1775.0
5100	1876.0
5101	
5102	1898.0
5103	1848.0
5104	1868.0
5105	1873.0
5106	1794.0
5107	1822.0
5108	
5109	1887.0
5110	1893.0
5111	1883.0
5112	1773.0
5113	1882.0
5114	1761.0
5115	1858.0
5116	1849.0
5117	1866.0
5118	1897.0
5119	1893.0
5120	1806.0
5121	
5122	1876.0
5123	1891.0
5124	1877.0
5125	
5126	
5127	1846.0
5128	1716.0
5129	1670.0
5130	1707.0
5131	1874.0
5132	1898.0
5133	1874.0
5134	1897.0
5135	1878.0
5136	1893.0
5137	1878.0
5138	1877.0
5139	1882.0
5140	1893.0
5141	1854.0
5142	1879.0
5143	1862.0
5144	1868.0
5145	1894.0
5146	1858.0
5147	1888.0
5148	
5149	1849.0
5150	1847.0
5151	1818.0
5152	1660.0
5153	1891.0
5154	1858.0
5155	1890.0
5156	1896.0
5157	1840.0
5158	1850.0
5159	1896.0
5160	1771.0
5161	1828.0
5162	1895.0
5163	1840.0
5164	1894.0
5165	1885.0
5166	1845.0
5167	1852.0
5168	1869.0
5169	1821.0
5170	
5171	1844.0
5172	1899.0
5173	1896.0
5174	
5175	1800.0
5176	1841.0
5177	1897.0
5178	1897.0
5179	1860.0
5180	1803.0
5181	1886.0
5182	
5183	1820.0
5184	1804.0
5185	
5186	
5187	1893.0
5188	1856.0
5189	1835.0
5190	1817.0
5191	1877.0
5192	1888.0
5193	1855.0
5194	1841.0
5195	1895.0
5196	1897.0
5197	
5198	1878.0
5199	1844.0
5200	1846.0
5201	1674.0
5202	1842.0
5203	1848.0
5204	1862.0
5205	1836.0
5206	1819.0
5207	
5208	
5209	1899.0
5210	1802.0
5211	1911.0
5212	1836.0
5213	1862.0
5214	1889.0
5215	1826.0
5216	1855.0
5217	1887.0
5218	
5219	1832.0
5220	1859.0
5221	1734.0
5222	1847.0
5223	1857.0
5224	1859.0
5225	1898.0
5226	1897.0
5227	1864.0
5228	1875.0
5229	1819.0
5230	1795.0
5231	
5232	1853.0
5233	1848.0
5234	1830.0
5235	1865.0
5236	1861.0
5237	1844.0
5238	1862.0
5239	1819.0
5240	1898.0
5241	1892.0
5242	1841.0
5243	1899.0
5244	1825.0
5245	1869.0
5246	1841.0
5247	
5248	
5249	
5250	1897.0
5251	1897.0
5252	1875.0
5253	1894.0
5254	1864.0
5255	1892.0
5256	1873.0
5257	1859.0
5258	1871.0
5259	1833.0
5260	1845.0
5261	
5262	1892.0
5263	1894.0
5264	1836.0
5265	1840.0
5266	1873.0
5267	1890.0
5268	1891.0
5269	
5270	1890.0
5271	
5272	1861.0
5273	1891.0
5274	1875.0
5275	1845.0
5276	1840.0
5277	1876.0
5278	1856.0
5279	1855.0
5280	1893.0
5281	1857.0
5282	1893.0
5283	1802.0
5284	1831.0
5285	1856.0
5286	1851.0
5287	1695.0
5288	1859.0
5289	1879.0
5290	1887.0
5291	1882.0
5292	1891.0
5293	1884.0
5294	1816.0
5295	1819.0
5296	
5297	1891.0
5298	1893.0
5299	1897.0
5300	1898.0
5301	1897.0
5302	1897.0
5303	1816.0
5304	1857.0
5305	1833.0
5306	1858.0
5307	1863.0
5308	1838.0
5309	1848.0
5310	1889.0
5311	1788.0
5312	1845.0
5313	1823.0
5314	1815.0
5315	1818.0
5316	1816.0
5317	1854.0
5318	
5319	1886.0
5320	1880.0
5321	1813.0
5322	1869.0
5323	1879.0
5324	1866.0
5325	1864.0
5326	1849.0
5327	1890.0
5328	1816.0
5329	1895.0
5330	1878.0
5331	
5332	1774.0
5333	1793.0
5334	
5335	1844.0
5336	1806.0
5337	1789.0
5338	1890.0
5339	
5340	1832.0
5341	1877.0
5342	1897.0
5343	1894.0
5344	1878.0
5345	1896.0
5346	1860.0
5347	1888.0
5348	1880.0
5349	1888.0
5350	1846.0
5351	1895.0
5352	1839.0
5353	1851.0
5354	
5355	1868.0
5356	
5357	1829.0
5358	
5359	1845.0
5360	1817.0
5361	1817.0
5362	1864.0
5363	1891.0
5364	1840.0
5365	1844.0
5366	1876.0
5367	1877.0
5368	1883.0
5369	1875.0
5370	1889.0
5371	1853.0
5372	1894.0
5373	1883.0
5374	1877.0
5375	1897.0
5376	1858.0
5377	1761.0
5378	1846.0
5379	1873.0
5380	1876.0
5381	1887.0
5382	1885.0
5383	1817.0
5384	1880.0
5385	1860.0
5386	
5387	1857.0
5388	1862.0
5389	1883.0
5390	1895.0
5391	1897.0
5392	1863.0
5393	1873.0
5394	1831.0
5395	1894.0
5396	1855.0
5397	1899.0
5398	1897.0
5399	1817.0
5400	
5401	
5402	1897.0
5403	1873.0
5404	1850.0
5405	1854.0
5406	
5407	1808.0
5408	1813.0
5409	1844.0
5410	1856.0
5411	1877.0
5412	
5413	1881.0
5414	1854.0
5415	1847.0
5416	1849.0
5417	1846.0
5418	1852.0
5419	1854.0
5420	1844.0
5421	1849.0
5422	1848.0
5423	1859.0
5424	1854.0
5425	1852.0
5426	1852.0
5427	1839.0
5428	1853.0
5429	1846.0
5430	1858.0
5431	1852.0
5432	1854.0
5433	1858.0
5434	1854.0
5435	1853.0
5436	1853.0
5437	1841.0
5438	1847.0
5439	1845.0
5440	1858.0
5441	
5442	
5443	1841.0
5444	1865.0
5445	1898.0
5446	1868.0
5447	1899.0
5448	1891.0
5449	1895.0
5450	
5451	
5452	1892.0
5453	
5454	1829.0
5455	1888.0
5456	
5457	1832.0
5458	1878.0
5459	1865.0
5460	1871.0
5461	1894.0
5462	1837.0
5463	1857.0
5464	
5465	1876.0
5466	1854.0
5467	1854.0
5468	1884.0
5469	1823.0
5470	1853.0
5471	1824.0
5472	1860.0
5473	1857.0
5474	1851.0
5475	1871.0
5476	1850.0
5477	
5478	
5479	1852.0
5480	1839.0
5481	1878.0
5482	1865.0
5483	1832.0
5484	
5485	1881.0
5486	1889.0
5487	
5488	
5489	1840.0
5490	1841.0
5491	1889.0
5492	1850.0
5493	1861.0
5494	
5495	1820.0
5496	1796.0
5497	1851.0
5498	1891.0
5499	1820.0
5500	1880.0
5501	1847.0
5502	1877.0
5503	1821.0
5504	1824.0
5505	1826.0
5506	1887.0
5507	1843.0
5508	1851.0
5509	
5510	1892.0
5511	1884.0
5512	1880.0
5513	1879.0
5514	1854.0
5515	1840.0
5516	1869.0
5517	1870.0
5518	1890.0
5519	1850.0
5520	1875.0
5521	
5522	1865.0
5523	1874.0
5524	1893.0
5525	
5526	1885.0
5527	1856.0
5528	1875.0
5529	1882.0
5530	1857.0
5531	1896.0
5532	1858.0
5533	1872.0
5534	1878.0
5535	1898.0
5536	1823.0
5537	1813.0
5538	1865.0
5539	1885.0
5540	1801.0
5541	1882.0
5542	1889.0
5543	1889.0
5544	1889.0
5545	1864.0
5546	
5547	1885.0
5548	1878.0
5549	
5550	1845.0
5551	
5552	1898.0
5553	1857.0
5554	1855.0
5555	1853.0
5556	1869.0
5557	1887.0
5558	1870.0
5559	1896.0
5560	1895.0
5561	1889.0
5562	1892.0
5563	1899.0
5564	1814.0
5565	1894.0
5566	1896.0
5567	1880.0
5568	1892.0
5569	1719.0
5570	1872.0
5571	1890.0
5572	
5573	1827.0
5574	
5575	
5576	1873.0
5577	
5578	1889.0
5579	1837.0
5580	1825.0
5581	1833.0
5582	
5583	
5584	
5585	1847.0
5586	1707.0
5587	1859.0
5588	1824.0
5589	1693.0
5590	1845.0
5591	1815.0
5592	1818.0
5593	1859.0
5594	
5595	1778.0
5596	1821.0
5597	1795.0
5598	1894.0
5599	1837.0
5600	1857.0
5601	1874.0
5602	1869.0
5603	1866.0
5604	
5605	
5606	1843.0
5607	1861.0
5608	1841.0
5609	1812.0
5610	1812.0
5611	1678.0
5612	1874.0
5613	1857.0
5614	1851.0
5615	1892.0
5616	1834.0
5617	1835.0
5618	1868.0
5619	1896.0
5620	1768.0
5621	1842.0
5622	1892.0
5623	1863.0
5624	1899.0
5625	1883.0
5626	1888.0
5627	1899.0
5628	1881.0
5629	1839.0
5630	1865.0
5631	1868.0
5632	1897.0
5633	1812.0
5634	1894.0
5635	1882.0
5636	
5637	1840.0
5638	
5639	
5640	1893.0
5641	
5642	1817.0
5643	1858.0
5644	1824.0
5645	1812.0
5646	1898.0
5647	1872.0
5648	1890.0
5649	1826.0
5650	1899.0
5651	1846.0
5652	1887.0
5653	1822.0
5654	1873.0
5655	1886.0
5656	1884.0
5657	1846.0
5658	1805.0
5659	1895.0
5660	1812.0
5661	1893.0
5662	1899.0
5663	1845.0
5664	1894.0
5665	1852.0
5666	1834.0
5667	1817.0
5668	1800.0
5669	1807.0
5670	1851.0
5671	1878.0
5672	1882.0
5673	1838.0
5674	
5675	1876.0
5676	1889.0
5677	1885.0
5678	1880.0
5679	1805.0
5680	1885.0
5681	1883.0
5682	1886.0
5683	1896.0
5684	1808.0
5685	1826.0
5686	
5687	1893.0
5688	1880.0
5689	
5690	1824.0
5691	1826.0
5692	1859.0
5693	
5694	1877.0
5695	1888.0
5696	1773.0
5697	1765.0
5698	
5699	1869.0
5700	1897.0
5701	1833.0
5702	1863.0
5703	1894.0
5704	1833.0
5705	1869.0
5706	1861.0
5707	1800.0
5708	1884.0
5709	1888.0
5710	1869.0
5711	1696.0
5712	1824.0
5713	1898.0
5714	1854.0
5715	1878.0
5716	1885.0
5717	1862.0
5718	1863.0
5719	1897.0
5720	1895.0
5721	1896.0
5722	1897.0
5723	1896.0
5724	1896.0
5725	1897.0
5726	1868.0
5727	1890.0
5728	1883.0
5729	1898.0
5730	1863.0
5731	1893.0
5732	1823.0
5733	1842.0
5734	1854.0
5735	1894.0
5736	
5737	1819.0
5738	1871.0
5739	1879.0
5740	1754.0
5741	1841.0
5742	1894.0
5743	1897.0
5744	1894.0
5745	1865.0
5746	1891.0
5747	1826.0
5748	1889.0
5749	1866.0
5750	1863.0
5751	1859.0
5752	1859.0
5753	1814.0
5754	
5755	
5756	1898.0
5757	1893.0
5758	1877.0
5759	1885.0
5760	1887.0
5761	1890.0
5762	1888.0
5763	1893.0
5764	1892.0
5765	1832.0
5766	1858.0
5767	1894.0
5768	1823.0
5769	1881.0
5770	1827.0
5771	1867.0
5772	1858.0
5773	
5774	1876.0
5775	
5776	1820.0
5777	1859.0
5778	
5779	1872.0
5780	1874.0
5781	1859.0
5782	1852.0
5783	1850.0
5784	1829.0
5785	1853.0
5786	1805.0
5787	1897.0
5788	1858.0
5789	
5790	1876.0
5791	1853.0
5792	1795.0
5793	1830.0
5794	1886.0
5795	1887.0
5796	1887.0
5797	1824.0
5798	1823.0
5799	1881.0
5800	
5801	1894.0
5802	1892.0
5803	1881.0
5804	1882.0
5805	1881.0
5806	1882.0
5807	1881.0
5808	1880.0
5809	1880.0
5810	1880.0
5811	1892.0
5812	1814.0
5813	1827.0
5814	1752.0
5815	1835.0
5816	1887.0
5817	1856.0
5818	1880.0
5819	1897.0
5820	1807.0
5821	1817.0
5822	1882.0
5823	1885.0
5824	1891.0
5825	
5826	1860.0
5827	1869.0
5828	1860.0
5829	1891.0
5830	1887.0
5831	1872.0
5832	1738.0
5833	1871.0
5834	1889.0
5835	1870.0
5836	1855.0
5837	1852.0
5838	1861.0
5839	1862.0
5840	1865.0
5841	1874.0
5842	1883.0
5843	1826.0
5844	1845.0
5845	1867.0
5846	1880.0
5847	1891.0
5848	1894.0
5849	1889.0
5850	1891.0
5851	1889.0
5852	1891.0
5853	1890.0
5854	1743.0
5855	1817.0
5856	1817.0
5857	1891.0
5858	1840.0
5859	1767.0
5860	
5861	
5862	1877.0
5863	1824.0
5864	1844.0
5865	
5866	1874.0
5867	
5868	1765.0
5869	1876.0
5870	1882.0
5871	1864.0
5872	1864.0
5873	1829.0
5874	1836.0
5875	1884.0
5876	1863.0
5877	1899.0
5878	1823.0
5879	1895.0
5880	
5881	1882.0
5882	1879.0
5883	1869.0
5884	1780.0
5885	1795.0
5886	1790.0
5887	1791.0
5888	1792.0
5889	1788.0
5890	1788.0
5891	1788.0
5892	1679.0
5893	
5894	1802.0
5895	1817.0
5896	1806.0
5897	1865.0
5898	1881.0
5899	1874.0
5900	1863.0
5901	1872.0
5902	1871.0
5903	1895.0
5904	1865.0
5905	1778.0
5906	1882.0
5907	1887.0
5908	1828.0
5909	1752.0
5910	1892.0
5911	1852.0
5912	1881.0
5913	1874.0
5914	
5915	1800.0
5916	1825.0
5917	1845.0
5918	1821.0
5919	1830.0
5920	1819.0
5921	1826.0
5922	1825.0
5923	1806.0
5924	1833.0
5925	1810.0
5926	1829.0
5927	1833.0
5928	1825.0
5929	1841.0
5930	1820.0
5931	1892.0
5932	1826.0
5933	1899.0
5934	1802.0
5935	1886.0
5936	1809.0
5937	1886.0
5938	1889.0
5939	1733.0
5940	1868.0
5941	1896.0
5942	1806.0
5943	1885.0
5944	1510.0
5945	1779.0
5946	1889.0
5947	
5948	1891.0
5949	1895.0
5950	1859.0
5951	1871.0
5952	1722.0
5953	
5954	1815.0
5955	1891.0
5956	1835.0
5957	1858.0
5958	1792.0
5959	
5960	
5961	1740.0
5962	1871.0
5963	
5964	1893.0
5965	1869.0
5966	1872.0
5967	1873.0
5968	1861.0
5969	1766.0
5970	1896.0
5971	1877.0
5972	1891.0
5973	1875.0
5974	1898.0
5975	
5976	1893.0
5977	1894.0
5978	1887.0
5979	1664.0
5980	1806.0
5981	1866.0
5982	1882.0
5983	1877.0
5984	1890.0
5985	
5986	1870.0
5987	1899.0
5988	
5989	1862.0
5990	1760.0
5991	1794.0
5992	1803.0
5993	1824.0
5994	1871.0
5995	1743.0
5996	1893.0
5997	1760.0
5998	1825.0
5999	1819.0
6000	1799.0
6001	1866.0
6002	
6003	1894.0
6004	
6005	1854.0
6006	
6007	1882.0
6008	1842.0
6009	1858.0
6010	1861.0
6011	1838.0
6012	1886.0
6013	1843.0
6014	1892.0
6015	1803.0
6016	
6017	1896.0
6018	1855.0
6019	1899.0
6020	1873.0
6021	1864.0
6022	1866.0
6023	1765.0
6024	1766.0
6025	1882.0
6026	1813.0
6027	1851.0
6028	1876.0
6029	1885.0
6030	1871.0
6031	1888.0
6032	1883.0
6033	1846.0
6034	
6035	1844.0
6036	1852.0
6037	1853.0
6038	1885.0
6039	
6040	1896.0
6041	1868.0
6042	
6043	1835.0
6044	
6045	1800.0
6046	1874.0
6047	1878.0
6048	1844.0
6049	1844.0
6050	1847.0
6051	1874.0
6052	1878.0
6053	1893.0
6054	1873.0
6055	1892.0
6056	1877.0
6057	1870.0
6058	1818.0
6059	1892.0
6060	1860.0
6061	
6062	1857.0
6063	1899.0
6064	1842.0
6065	1824.0
6066	1857.0
6067	
6068	
6069	1880.0
6070	1802.0
6071	1803.0
6072	1804.0
6073	1852.0
6074	1841.0
6075	1884.0
6076	1838.0
6077	1835.0
6078	1857.0
6079	1858.0
6080	1729.0
6081	1874.0
6082	1819.0
6083	1866.0
6084	1866.0
6085	1794.0
6086	1820.0
6087	1844.0
6088	1885.0
6089	1718.0
6090	
6091	1887.0
6092	1852.0
6093	1845.0
6094	1841.0
6095	1870.0
6096	1891.0
6097	1885.0
6098	1870.0
6099	1845.0
6100	1892.0
6101	1862.0
6102	1831.0
6103	1894.0
6104	1853.0
6105	1805.0
6106	1878.0
6107	1899.0
6108	1886.0
6109	1847.0
6110	1839.0
6111	1847.0
6112	1845.0
6113	1853.0
6114	1844.0
6115	1855.0
6116	1856.0
6117	1855.0
6118	1880.0
6119	1810.0
6120	1794.0
6121	1882.0
6122	1896.0
6123	1835.0
6124	1886.0
6125	1878.0
6126	1884.0
6127	1883.0
6128	1805.0
6129	1829.0
6130	1837.0
6131	
6132	1875.0
6133	1817.0
6134	1813.0
6135	1788.0
6136	1895.0
6137	1872.0
6138	1857.0
6139	1865.0
6140	
6141	1876.0
6142	
6143	1895.0
6144	1675.0
6145	1713.0
6146	1846.0
6147	
6148	1873.0
6149	
6150	1856.0
6151	1879.0
6152	
6153	1893.0
6154	1888.0
6155	1850.0
6156	1892.0
6157	
6158	
6159	1795.0
6160	1633.0
6161	1638.0
6162	1682.0
6163	1819.0
6164	1854.0
6165	1844.0
6166	1869.0
6167	1846.0
6168	
6169	
6170	
6171	1891.0
6172	1879.0
6173	1854.0
6174	1881.0
6175	1798.0
6176	1834.0
6177	1805.0
6178	1873.0
6179	1887.0
6180	1890.0
6181	1693.0
6182	
6183	1864.0
6184	1798.0
6185	1876.0
6186	1879.0
6187	1886.0
6188	1884.0
6189	1813.0
6190	1883.0
6191	1777.0
6192	1865.0
6193	1894.0
6194	1775.0
6195	1818.0
6196	1892.0
6197	1875.0
6198	1757.0
6199	
6200	1875.0
6201	1852.0
6202	1899.0
6203	1692.0
6204	1893.0
6205	1840.0
6206	1864.0
6207	1836.0
6208	1836.0
6209	1842.0
6210	1866.0
6211	1824.0
6212	1673.0
6213	1678.0
6214	1866.0
6215	1878.0
6216	
6217	1870.0
6218	1887.0
6219	1838.0
6220	1858.0
6221	1879.0
6222	1891.0
6223	1846.0
6224	1840.0
6225	
6226	
6227	1893.0
6228	1896.0
6229	1871.0
6230	1875.0
6231	1819.0
6232	1896.0
6233	
6234	1895.0
6235	1867.0
6236	1867.0
6237	1867.0
6238	1891.0
6239	1891.0
6240	1858.0
6241	1896.0
6242	1673.0
6243	1873.0
6244	1814.0
6245	
6246	1896.0
6247	
6248	
6249	1889.0
6250	
6251	1867.0
6252	1899.0
6253	1878.0
6254	1836.0
6255	1890.0
6256	
6257	1856.0
6258	
6259	1873.0
6260	1877.0
6261	1829.0
6262	1899.0
6263	1891.0
6264	1889.0
6265	
6266	1873.0
6267	1868.0
6268	1898.0
6269	1874.0
6270	1898.0
6271	1827.0
6272	1876.0
6273	1859.0
6274	1898.0
6275	1847.0
6276	1877.0
6277	1837.0
6278	
6279	1895.0
6280	1871.0
6281	1821.0
6282	
6283	1878.0
6284	1849.0
6285	
6286	1898.0
6287	1861.0
6288	1802.0
6289	1855.0
6290	1852.0
6291	1819.0
6292	1892.0
6293	1818.0
6294	1821.0
6295	1888.0
6296	1834.0
6297	1826.0
6298	
6299	1853.0
6300	1888.0
6301	1873.0
6302	1860.0
6303	1809.0
6304	1899.0
6305	1797.0
6306	1798.0
6307	1667.0
6308	1858.0
6309	
6310	1853.0
6311	1860.0
6312	1900.0
6313	1847.0
6314	1837.0
6315	1873.0
6316	1843.0
6317	1887.0
6318	1878.0
6319	1899.0
6320	1897.0
6321	
6322	1899.0
6323	1895.0
6324	1877.0
6325	1892.0
6326	
6327	
6328	1892.0
6329	1880.0
6330	1732.0
6331	1853.0
6332	1857.0
6333	
6334	1869.0
6335	1835.0
6336	1822.0
6337	1866.0
6338	1894.0
6339	
6340	1861.0
6341	
6342	
6343	1893.0
6344	1692.0
6345	1848.0
6346	
6347	1824.0
6348	1825.0
6349	
6350	1891.0
6351	
6352	1883.0
6353	1838.0
6354	1843.0
6355	1865.0
6356	1822.0
6357	1845.0
6358	1802.0
6359	1806.0
6360	1861.0
6361	1879.0
6362	1892.0
6363	1895.0
6364	1841.0
6365	1856.0
6366	1867.0
6367	
6368	1842.0
6369	1874.0
6370	1891.0
6371	1868.0
6372	1806.0
6373	1793.0
6374	1888.0
6375	1864.0
6376	1815.0
6377	1866.0
6378	1853.0
6379	1805.0
6380	1878.0
6381	1832.0
6382	1861.0
6383	1871.0
6384	
6385	
6386	1819.0
6387	1892.0
6388	1763.0
6389	1859.0
6390	
6391	1880.0
6392	
6393	
6394	1868.0
6395	1846.0
6396	1852.0
6397	
6398	1858.0
6399	1840.0
6400	1881.0
6401	1874.0
6402	1888.0
6403	1795.0
6404	1828.0
6405	1883.0
6406	1861.0
6407	1824.0
6408	1884.0
6409	1811.0
6410	1861.0
6411	
6412	
6413	1861.0
6414	1855.0
6415	1892.0
6416	1893.0
6417	1891.0
6418	1883.0
6419	1871.0
6420	1873.0
6421	1876.0
6422	1890.0
6423	
6424	
6425	1883.0
6426	1855.0
6427	1870.0
6428	1870.0
6429	1872.0
6430	
6431	1783.0
6432	1878.0
6433	1888.0
6434	1877.0
6435	1878.0
6436	1853.0
6437	
6438	1894.0
6439	1860.0
6440	1851.0
6441	1821.0
6442	1826.0
6443	1812.0
6444	1844.0
6445	1836.0
6446	1885.0
6447	1871.0
6448	1891.0
6449	1823.0
6450	1883.0
6451	1863.0
6452	1815.0
6453	1840.0
6454	1880.0
6455	1839.0
6456	1849.0
6457	1844.0
6458	1898.0
6459	
6460	1766.0
6461	1875.0
6462	1873.0
6463	1893.0
6464	1895.0
6465	1865.0
6466	1739.0
6467	1896.0
6468	1874.0
6469	1883.0
6470	1885.0
6471	1896.0
6472	1838.0
6473	1885.0
6474	1884.0
6475	1848.0
6476	
6477	1823.0
6478	1892.0
6479	1890.0
6480	1850.0
6481	1846.0
6482	1858.0
6483	1805.0
6484	1776.0
6485	1885.0
6486	1824.0
6487	
6488	1895.0
6489	
6490	1883.0
6491	1887.0
6492	1834.0
6493	
6494	1859.0
6495	1886.0
6496	1894.0
6497	1827.0
6498	1881.0
6499	1877.0
6500	1890.0
6501	
6502	1826.0
6503	1844.0
6504	1787.0
6505	1878.0
6506	
6507	1889.0
6508	1892.0
6509	1893.0
6510	1896.0
6511	1892.0
6512	1893.0
6513	1859.0
6514	1881.0
6515	
6516	1895.0
6517	1897.0
6518	1893.0
6519	1879.0
6520	1892.0
6521	1862.0
6522	1803.0
6523	1661.0
6524	1815.0
6525	1822.0
6526	1857.0
6527	1896.0
6528	1607.0
6529	1839.0
6530	
6531	1861.0
6532	
6533	1884.0
6534	1814.0
6535	1818.0
6536	1824.0
6537	1809.0
6538	
6539	1874.0
6540	1862.0
6541	1876.0
6542	
6543	1839.0
6544	1884.0
6545	1877.0
6546	1848.0
6547	1838.0
6548	
6549	
6550	
6551	1887.0
6552	1818.0
6553	1889.0
6554	1883.0
6555	1866.0
6556	1865.0
6557	1809.0
6558	
6559	1894.0
6560	1874.0
6561	1864.0
6562	1862.0
6563	1885.0
6564	1850.0
6565	1881.0
6566	1890.0
6567	1898.0
6568	1861.0
6569	1809.0
6570	1864.0
6571	1887.0
6572	1898.0
6573	1862.0
6574	1868.0
6575	1864.0
6576	1890.0
6577	1887.0
6578	1789.0
6579	1846.0
6580	1754.0
6581	
6582	1890.0
6583	
6584	1877.0
6585	1899.0
6586	1897.0
6587	1819.0
6588	1887.0
6589	1892.0
6590	1894.0
6591	1899.0
6592	1867.0
6593	1881.0
6594	1834.0
6595	1813.0
6596	1882.0
6597	1800.0
6598	1868.0
6599	1881.0
6600	1749.0
6601	1897.0
6602	1890.0
6603	
6604	1893.0
6605	1867.0
6606	1825.0
6607	1893.0
6608	
6609	1808.0
6610	1807.0
6611	1807.0
6612	1847.0
6613	1728.0
6614	1890.0
6615	
6616	1897.0
6617	
6618	1850.0
6619	1682.0
6620	1885.0
6621	1802.0
6622	
6623	
6624	1882.0
6625	1777.0
6626	1869.0
6627	1884.0
6628	1880.0
6629	1818.0
6630	1847.0
6631	1887.0
6632	1885.0
6633	1851.0
6634	1858.0
6635	1862.0
6636	1847.0
6637	
6638	1875.0
6639	1884.0
6640	1853.0
6641	1813.0
6642	1860.0
6643	1881.0
6644	1874.0
6645	
6646	1858.0
6647	1877.0
6648	1879.0
6649	1736.0
6650	1812.0
6651	1814.0
6652	1861.0
6653	1873.0
6654	1873.0
6655	1857.0
6656	1858.0
6657	1857.0
6658	1828.0
6659	1897.0
6660	1855.0
6661	1868.0
6662	1835.0
6663	1836.0
6664	1853.0
6665	1853.0
6666	1874.0
6667	1866.0
6668	1844.0
6669	1882.0
6670	1863.0
6671	1890.0
6672	1865.0
6673	1888.0
6674	1890.0
6675	1880.0
6676	1892.0
6677	1856.0
6678	1858.0
6679	1860.0
6680	
6681	1898.0
6682	1888.0
6683	1888.0
6684	1878.0
6685	1895.0
6686	1888.0
6687	1898.0
6688	1849.0
6689	1882.0
6690	1853.0
6691	1849.0
6692	1769.0
6693	1893.0
6694	1850.0
6695	1858.0
6696	
6697	1889.0
6698	1824.0
6699	1895.0
6700	1897.0
6701	1858.0
6702	1839.0
6703	1874.0
6704	1850.0
6705	1852.0
6706	
6707	1879.0
6708	1873.0
6709	1894.0
6710	1895.0
6711	1850.0
6712	1890.0
6713	1801.0
6714	1894.0
6715	1887.0
6716	1874.0
6717	
6718	1818.0
6719	1867.0
6720	1892.0
6721	1857.0
6722	1868.0
6723	1870.0
6724	
6725	1882.0
6726	1887.0
6727	1888.0
6728	1812.0
6729	1852.0
6730	1840.0
6731	1898.0
6732	1812.0
6733	1897.0
6734	1810.0
6735	1853.0
6736	1896.0
6737	1854.0
6738	
6739	1855.0
6740	1899.0
6741	1898.0
6742	1898.0
6743	1898.0
6744	1813.0
6745	
6746	
6747	1886.0
6748	1881.0
6749	1822.0
6750	1848.0
6751	1868.0
6752	
6753	1863.0
6754	1864.0
6755	1749.0
6756	1867.0
6757	1897.0
6758	1884.0
6759	1804.0
6760	1805.0
6761	
6762	1826.0
6763	1883.0
6764	1888.0
6765	1852.0
6766	1825.0
6767	1811.0
6768	1784.0
6769	1899.0
6770	1881.0
6771	1884.0
6772	1863.0
6773	
6774	1852.0
6775	1872.0
6776	1878.0
6777	1876.0
6778	1830.0
6779	1828.0
6780	1686.0
6781	1891.0
6782	1895.0
6783	1893.0
6784	1891.0
6785	1872.0
6786	1881.0
6787	1857.0
6788	1888.0
6789	
6790	1889.0
6791	1676.0
6792	1694.0
6793	1864.0
6794	1870.0
6795	1869.0
6796	1776.0
6797	1868.0
6798	1873.0
6799	1693.0
6800	
6801	1851.0
6802	
6803	1773.0
6804	1778.0
6805	1784.0
6806	1785.0
6807	
6808	1802.0
6809	1825.0
6810	1825.0
6811	1776.0
6812	1766.0
6813	1819.0
6814	1822.0
6815	1832.0
6816	1836.0
6817	1759.0
6818	1814.0
6819	1893.0
6820	1815.0
6821	1789.0
6822	1699.0
6823	1681.0
6824	1815.0
6825	1786.0
6826	1893.0
6827	1814.0
6828	1859.0
6829	1814.0
6830	1893.0
6831	1789.0
6832	1690.0
6833	1815.0
6834	1749.0
6835	1703.0
6836	1687.0
6837	1828.0
6838	
6839	
6840	
6841	1792.0
6842	1770.0
6843	1773.0
6844	1766.0
6845	1785.0
6846	1797.0
6847	1853.0
6848	1787.0
6849	1777.0
6850	1755.0
6851	1871.0
6852	1880.0
6853	1857.0
6854	1860.0
6855	1898.0
6856	1897.0
6857	1854.0
6858	
6859	1847.0
6860	1840.0
6861	
6862	1870.0
6863	
6864	
6865	1882.0
6866	
6867	1888.0
6868	1889.0
6869	1892.0
6870	1844.0
6871	
6872	1888.0
6873	1876.0
6874	1883.0
6875	1898.0
6876	1876.0
6877	
6878	1880.0
6879	1898.0
6880	1892.0
6881	1889.0
6882	1854.0
6883	1850.0
6884	1829.0
6885	1839.0
6886	1870.0
6887	1885.0
6888	1863.0
6889	1825.0
6890	1868.0
6891	1827.0
6892	1870.0
6893	1870.0
6894	1688.0
6895	1851.0
6896	1812.0
6897	1863.0
6898	1638.0
6899	
6900	1898.0
6901	1889.0
6902	1870.0
6903	1868.0
6904	1867.0
6905	
6906	1734.0
6907	1848.0
6908	
6909	1867.0
6910	1853.0
6911	
6912	1827.0
6913	1873.0
6914	
6915	1843.0
6916	1860.0
6917	1892.0
6918	1825.0
6919	1859.0
6920	1847.0
6921	1835.0
6922	1899.0
6923	1894.0
6924	1888.0
6925	1886.0
6926	1894.0
6927	1854.0
6928	1776.0
6929	1733.0
6930	1892.0
6931	1884.0
6932	1849.0
6933	1869.0
6934	1846.0
6935	1893.0
6936	1899.0
6937	1883.0
6938	1866.0
6939	1894.0
6940	1899.0
6941	1893.0
6942	1896.0
6943	1868.0
6944	1851.0
6945	1862.0
6946	1879.0
6947	1892.0
6948	1853.0
6949	1881.0
6950	1874.0
6951	1863.0
6952	1843.0
6953	1876.0
6954	1883.0
6955	1891.0
6956	
6957	1840.0
6958	
6959	
6960	1884.0
6961	1880.0
6962	1896.0
6963	1857.0
6964	1828.0
6965	
6966	1753.0
6967	
6968	1865.0
6969	1898.0
6970	1886.0
6971	1848.0
6972	1864.0
6973	1897.0
6974	1862.0
6975	1891.0
6976	1850.0
6977	
6978	1899.0
6979	
6980	1699.0
6981	1891.0
6982	1879.0
6983	1851.0
6984	1871.0
6985	1865.0
6986	1867.0
6987	1873.0
6988	
6989	
6990	
6991	1888.0
6992	1896.0
6993	1846.0
6994	1898.0
6995	1850.0
6996	1858.0
6997	1849.0
6998	1893.0
6999	1888.0
7000	1890.0
7001	1894.0
7002	1885.0
7003	1897.0
7004	1897.0
7005	1797.0
7006	1870.0
7007	1753.0
7008	
7009	
7010	1813.0
7011	1836.0
7012	1875.0
7013	1864.0
7014	1897.0
7015	1861.0
7016	1856.0
7017	1881.0
7018	1831.0
7019	1893.0
7020	1894.0
7021	1869.0
7022	1687.0
7023	1867.0
7024	1864.0
7025	1887.0
7026	1827.0
7027	1809.0
7028	1843.0
7029	1835.0
7030	1874.0
7031	1866.0
7032	1879.0
7033	1834.0
7034	
7035	1895.0
7036	1895.0
7037	1891.0
7038	1893.0
7039	1895.0
7040	1896.0
7041	1864.0
7042	1866.0
7043	1889.0
7044	
7045	1887.0
7046	
7047	1825.0
7048	1807.0
7049	1800.0
7050	1865.0
7051	1861.0
7052	1812.0
7053	1639.0
7054	1896.0
7055	1874.0
7056	1855.0
7057	1879.0
7058	1879.0
7059	1868.0
7060	1862.0
7061	1817.0
7062	1818.0
7063	1832.0
7064	
7065	1819.0
7066	1870.0
7067	1819.0
7068	
7069	1898.0
7070	1884.0
7071	
7072	1864.0
7073	
7074	1868.0
7075	1861.0
7076	
7077	1891.0
7078	1896.0
7079	1898.0
7080	
7081	1899.0
7082	1898.0
7083	1842.0
7084	1859.0
7085	1882.0
7086	1871.0
7087	1887.0
7088	1889.0
7089	1885.0
7090	1824.0
7091	
7092	1859.0
7093	1840.0
7094	1756.0
7095	1847.0
7096	1882.0
7097	1885.0
7098	1870.0
7099	
7100	1857.0
7101	1897.0
7102	1871.0
7103	1881.0
7104	
7105	1887.0
7106	1890.0
7107	1869.0
7108	1871.0
7109	1846.0
7110	1878.0
7111	1840.0
7112	1777.0
7113	1852.0
7114	1832.0
7115	1738.0
7116	1874.0
7117	1887.0
7118	1890.0
7119	
7120	1890.0
7121	1894.0
7122	1890.0
7123	
7124	
7125	1875.0
7126	1888.0
7127	
7128	1815.0
7129	1837.0
7130	1886.0
7131	1869.0
7132	1850.0
7133	1897.0
7134	1889.0
7135	1880.0
7136	1896.0
7137	1894.0
7138	1895.0
7139	1895.0
7140	1894.0
7141	1855.0
7142	1867.0
7143	1879.0
7144	1853.0
7145	1885.0
7146	1664.0
7147	1861.0
7148	1861.0
7149	1885.0
7150	
7151	1854.0
7152	1848.0
7153	
7154	1897.0
7155	
7156	1845.0
7157	1801.0
7158	1888.0
7159	
7160	1890.0
7161	1890.0
7162	1887.0
7163	
7164	1899.0
7165	1894.0
7166	1895.0
7167	1896.0
7168	1896.0
7169	1894.0
7170	
7171	1899.0
7172	1896.0
7173	1898.0
7174	1894.0
7175	
7176	1899.0
7177	1885.0
7178	1843.0
7179	1886.0
7180	1800.0
7181	1888.0
7182	1832.0
7183	
7184	1893.0
7185	1869.0
7186	1811.0
7187	1882.0
7188	1884.0
7189	1881.0
7190	1890.0
7191	1898.0
7192	1889.0
7193	1876.0
7194	1889.0
7195	1891.0
7196	
7197	1858.0
7198	1817.0
7199	1897.0
7200	
7201	1861.0
7202	1876.0
7203	1893.0
7204	1732.0
7205	1881.0
7206	1893.0
7207	1864.0
7208	1873.0
7209	
7210	1871.0
7211	1896.0
7212	1860.0
7213	1897.0
7214	1873.0
7215	1892.0
7216	1851.0
7217	1886.0
7218	1880.0
7219	1858.0
7220	1815.0
7221	
7222	1890.0
7223	1896.0
7224	1840.0
7225	1859.0
7226	
7227	
7228	1880.0
7229	1888.0
7230	1803.0
7231	1862.0
7232	1880.0
7233	1885.0
7234	1844.0
7235	1863.0
7236	1858.0
7237	1881.0
7238	1882.0
7239	1884.0
7240	1883.0
7241	1891.0
7242	
7243	1891.0
7244	1818.0
7245	1858.0
7246	1876.0
7247	1881.0
7248	1899.0
7249	1878.0
7250	1860.0
7251	
7252	
7253	1789.0
7254	1858.0
7255	1870.0
7256	1866.0
7257	1883.0
7258	1884.0
7259	1891.0
7260	1858.0
7261	1772.0
7262	1892.0
7263	1741.0
7264	1886.0
7265	1878.0
7266	1890.0
7267	1870.0
7268	
7269	1816.0
7270	
7271	1884.0
7272	1839.0
7273	1866.0
7274	1880.0
7275	1688.0
7276	1892.0
7277	1844.0
7278	1873.0
7279	1866.0
7280	1825.0
7281	1871.0
7282	1805.0
7283	1803.0
7284	
7285	1672.0
7286	1896.0
7287	1867.0
7288	1870.0
7289	1829.0
7290	1836.0
7291	1882.0
7292	1804.0
7293	1864.0
7294	1876.0
7295	1892.0
7296	1875.0
7297	1876.0
7298	1860.0
7299	1867.0
7300	1869.0
7301	1810.0
7302	1810.0
7303	1816.0
7304	1880.0
7305	1819.0
7306	1821.0
7307	1710.0
7308	1816.0
7309	1896.0
7310	1872.0
7311	1872.0
7312	
7313	1861.0
7314	1820.0
7315	1819.0
7316	1899.0
7317	
7318	
7319	
7320	1897.0
7321	1859.0
7322	1883.0
7323	1870.0
7324	1860.0
7325	1854.0
7326	1628.0
7327	1753.0
7328	1685.0
7329	1693.0
7330	1680.0
7331	1876.0
7332	
7333	1660.0
7334	1813.0
7335	1884.0
7336	1887.0
7337	1810.0
7338	1884.0
7339	1874.0
7340	
7341	
7342	1851.0
7343	1860.0
7344	1888.0
7345	
7346	1825.0
7347	1892.0
7348	
7349	1852.0
7350	1888.0
7351	1865.0
7352	
7353	1847.0
7354	
7355	1872.0
7356	
7357	1875.0
7358	1895.0
7359	1805.0
7360	1884.0
7361	1856.0
7362	1887.0
7363	1858.0
7364	1866.0
7365	1856.0
7366	1898.0
7367	1893.0
7368	
7369	1869.0
7370	1889.0
7371	1867.0
7372	
7373	1888.0
7374	1898.0
7375	1888.0
7376	1878.0
7377	
7378	1857.0
7379	1887.0
7380	1873.0
7381	1871.0
7382	1898.0
7383	1892.0
7384	1833.0
7385	1859.0
7386	1891.0
7387	1865.0
7388	
7389	
7390	1858.0
7391	
7392	1896.0
7393	1896.0
7394	1898.0
7395	
7396	1897.0
7397	1898.0
7398	1853.0
7399	1852.0
7400	1890.0
7401	1865.0
7402	1759.0
7403	1804.0
7404	
7405	1795.0
7406	1729.0
7407	1790.0
7408	1786.0
7409	1878.0
7410	1814.0
7411	1837.0
7412	1881.0
7413	1845.0
7414	1845.0
7415	
7416	1873.0
7417	1765.0
7418	
7419	
7420	
7421	
7422	1875.0
7423	1879.0
7424	1889.0
7425	
7426	1894.0
7427	1895.0
7428	1894.0
7429	1788.0
7430	1802.0
7431	1803.0
7432	1853.0
7433	
7434	1841.0
7435	1892.0
7436	1826.0
7437	1875.0
7438	1882.0
7439	
7440	1869.0
7441	1884.0
7442	1865.0
7443	
7444	
7445	1863.0
7446	1897.0
7447	1897.0
7448	1874.0
7449	
7450	
7451	1854.0
7452	1852.0
7453	1734.0
7454	1892.0
7455	
7456	1866.0
7457	1872.0
7458	1823.0
7459	
7460	
7461	1892.0
7462	1888.0
7463	1892.0
7464	1857.0
7465	1887.0
7466	
7467	
7468	
7469	1891.0
7470	1859.0
7471	1866.0
7472	1827.0
7473	
7474	1891.0
7475	1847.0
7476	1883.0
7477	1889.0
7478	1807.0
7479	1813.0
7480	1863.0
7481	1811.0
7482	1894.0
7483	1896.0
7484	1880.0
7485	
7486	1857.0
7487	1894.0
7488	1852.0
7489	1836.0
7490	1879.0
7491	1882.0
7492	1884.0
7493	1898.0
7494	1810.0
7495	1848.0
7496	1894.0
7497	1873.0
7498	1821.0
7499	1834.0
7500	1893.0
7501	1842.0
7502	
7503	1882.0
7504	1833.0
7505	1881.0
7506	1804.0
7507	1838.0
7508	1796.0
7509	1863.0
7510	1892.0
7511	
7512	1857.0
7513	1895.0
7514	1863.0
7515	1886.0
7516	1824.0
7517	1840.0
7518	1895.0
7519	1869.0
7520	1879.0
7521	
7522	
7523	1868.0
7524	1857.0
7525	1872.0
7526	1860.0
7527	1879.0
7528	1818.0
7529	1895.0
7530	1864.0
7531	1868.0
7532	1734.0
7533	1810.0
7534	1803.0
7535	1886.0
7536	1888.0
7537	1791.0
7538	1889.0
7539	1871.0
7540	1867.0
7541	1867.0
7542	1869.0
7543	1869.0
7544	1864.0
7545	1870.0
7546	1840.0
7547	1841.0
7548	1885.0
7549	1894.0
7550	1852.0
7551	1890.0
7552	1702.0
7553	1787.0
7554	
7555	1899.0
7556	1897.0
7557	1732.0
7558	1852.0
7559	1859.0
7560	1847.0
7561	
7562	1831.0
7563	1877.0
7564	1818.0
7565	1887.0
7566	
7567	1863.0
7568	1862.0
7569	1840.0
7570	1678.0
7571	1897.0
7572	1876.0
7573	1884.0
7574	
7575	1859.0
7576	1882.0
7577	1884.0
7578	1823.0
7579	1876.0
7580	1876.0
7581	1889.0
7582	1857.0
7583	1894.0
7584	1861.0
7585	1863.0
7586	1893.0
7587	1841.0
7588	1896.0
7589	1837.0
7590	
7591	1851.0
7592	1870.0
7593	1825.0
7594	1845.0
7595	1863.0
7596	1885.0
7597	1856.0
7598	1896.0
7599	1859.0
7600	1807.0
7601	1835.0
7602	1847.0
7603	
7604	
7605	1870.0
7606	1888.0
7607	1895.0
7608	1865.0
7609	1853.0
7610	1884.0
7611	1850.0
7612	1858.0
7613	1872.0
7614	1832.0
7615	1893.0
7616	1853.0
7617	1882.0
7618	1879.0
7619	1898.0
7620	1854.0
7621	1854.0
7622	1879.0
7623	1851.0
7624	1893.0
7625	1860.0
7626	1867.0
7627	1879.0
7628	1875.0
7629	1875.0
7630	1799.0
7631	1868.0
7632	1899.0
7633	1724.0
7634	1853.0
7635	1867.0
7636	1809.0
7637	
7638	1890.0
7639	1885.0
7640	1880.0
7641	1899.0
7642	1822.0
7643	
7644	1893.0
7645	1897.0
7646	1858.0
7647	1883.0
7648	
7649	1884.0
7650	1826.0
7651	1825.0
7652	1870.0
7653	1892.0
7654	1781.0
7655	1826.0
7656	1842.0
7657	1824.0
7658	1896.0
7659	1871.0
7660	1781.0
7661	1888.0
7662	1894.0
7663	1878.0
7664	
7665	1885.0
7666	1899.0
7667	1899.0
7668	1878.0
7669	1896.0
7670	
7671	1876.0
7672	
7673	1820.0
7674	1866.0
7675	1872.0
7676	1777.0
7677	1880.0
7678	1894.0
7679	1844.0
7680	1844.0
7681	1845.0
7682	1845.0
7683	1846.0
7684	1847.0
7685	1846.0
7686	1845.0
7687	1872.0
7688	1879.0
7689	1874.0
7690	1821.0
7691	1822.0
7692	
7693	
7694	1888.0
7695	1842.0
7696	1842.0
7697	1864.0
7698	1862.0
7699	1863.0
7700	1890.0
7701	1878.0
7702	1886.0
7703	1862.0
7704	1839.0
7705	1854.0
7706	1846.0
7707	1886.0
7708	1874.0
7709	1832.0
7710	1887.0
7711	1888.0
7712	1888.0
7713	1888.0
7714	1891.0
7715	1853.0
7716	1829.0
7717	
7718	1819.0
7719	1805.0
7720	
7721	1899.0
7722	1857.0
7723	1894.0
7724	1892.0
7725	
7726	1841.0
7727	1878.0
7728	1818.0
7729	1863.0
7730	1890.0
7731	1855.0
7732	
7733	1843.0
7734	1701.0
7735	1874.0
7736	1842.0
7737	1696.0
7738	1849.0
7739	1814.0
7740	1895.0
7741	1862.0
7742	
7743	1897.0
7744	1869.0
7745	1885.0
7746	1879.0
7747	1804.0
7748	1883.0
7749	
7750	1862.0
7751	1804.0
7752	
7753	1827.0
7754	1738.0
7755	1744.0
7756	1766.0
7757	1899.0
7758	1891.0
7759	1861.0
7760	1870.0
7761	1840.0
7762	
7763	
7764	1853.0
7765	1881.0
7766	1896.0
7767	1898.0
7768	1868.0
7769	1884.0
7770	1827.0
7771	1862.0
7772	1866.0
7773	1865.0
7774	1827.0
7775	
7776	1637.0
7777	1886.0
7778	1592.0
7779	1651.0
7780	1678.0
7781	1778.0
7782	1882.0
7783	1858.0
7784	1896.0
7785	1898.0
7786	1874.0
7787	1899.0
7788	1838.0
7789	1861.0
7790	1873.0
7791	1892.0
7792	1854.0
7793	1892.0
7794	1830.0
7795	1869.0
7796	1859.0
7797	1865.0
7798	
7799	1796.0
7800	1801.0
7801	1893.0
7802	1815.0
7803	1844.0
7804	1809.0
7805	1885.0
7806	1883.0
7807	1899.0
7808	1898.0
7809	1857.0
7810	
7811	1892.0
7812	1847.0
7813	1845.0
7814	1741.0
7815	1862.0
7816	1856.0
7817	1893.0
7818	1898.0
7819	1878.0
7820	1835.0
7821	1882.0
7822	1884.0
7823	
7824	1875.0
7825	1893.0
7826	1843.0
7827	
7828	1838.0
7829	1895.0
7830	1869.0
7831	1856.0
7832	1771.0
7833	1881.0
7834	1881.0
7835	1881.0
7836	1882.0
7837	1881.0
7838	1876.0
7839	1857.0
7840	
7841	
7842	1887.0
7843	1873.0
7844	1872.0
7845	1886.0
7846	
7847	1830.0
7848	1812.0
7849	1803.0
7850	1882.0
7851	1898.0
7852	1880.0
7853	1853.0
7854	1867.0
7855	
7856	
7857	1814.0
7858	1892.0
7859	1844.0
7860	1889.0
7861	
7862	
7863	
7864	
7865	1890.0
7866	1893.0
7867	1858.0
7868	1877.0
7869	1899.0
7870	1879.0
7871	1892.0
7872	1851.0
7873	1830.0
7874	
7875	1661.0
7876	1661.0
7877	1834.0
7878	1888.0
7879	1891.0
7880	1897.0
7881	1886.0
7882	1863.0
7883	1851.0
7884	1822.0
7885	1834.0
7886	1855.0
7887	1876.0
7888	1890.0
7889	1890.0
7890	1839.0
7891	1894.0
7892	1863.0
7893	1869.0
7894	1862.0
7895	1823.0
7896	1824.0
7897	1837.0
7898	1844.0
7899	1858.0
7900	1809.0
7901	1837.0
7902	1853.0
7903	1815.0
7904	1805.0
7905	1896.0
7906	1885.0
7907	1820.0
7908	
7909	1854.0
7910	1882.0
7911	1857.0
7912	1848.0
7913	1849.0
7914	1809.0
7915	1805.0
7916	1878.0
7917	1876.0
7918	1889.0
7919	1693.0
7920	1826.0
7921	
7922	1884.0
7923	1813.0
7924	1802.0
7925	1892.0
7926	1859.0
7927	1858.0
7928	
7929	1849.0
7930	1888.0
7931	1869.0
7932	1836.0
7933	1854.0
7934	
7935	1739.0
7936	1844.0
7937	1884.0
7938	1878.0
7939	
7940	1870.0
7941	1869.0
7942	1892.0
7943	1818.0
7944	1842.0
7945	1884.0
7946	1872.0
7947	1680.0
7948	1862.0
7949	1890.0
7950	1845.0
7951	1856.0
7952	1806.0
7953	1857.0
7954	1885.0
7955	1897.0
7956	1866.0
7957	1855.0
7958	1887.0
7959	1889.0
7960	1842.0
7961	1886.0
7962	1894.0
7963	1866.0
7964	
7965	1878.0
7966	1873.0
7967	1871.0
7968	1880.0
7969	1839.0
7970	1865.0
7971	1893.0
7972	1897.0
7973	1858.0
7974	1889.0
7975	1881.0
7976	1888.0
7977	1874.0
7978	1885.0
7979	1697.0
7980	1850.0
7981	1875.0
7982	1880.0
7983	1860.0
7984	1813.0
7985	1800.0
7986	1850.0
7987	1886.0
7988	1836.0
7989	1857.0
7990	1828.0
7991	
7992	1843.0
7993	1857.0
7994	
7995	1889.0
7996	1878.0
7997	1877.0
7998	1766.0
7999	1779.0
8000	1822.0
8001	1852.0
8002	1897.0
8003	1845.0
8004	1882.0
8005	1819.0
8006	1801.0
8007	
8008	1876.0
8009	1852.0
8010	
8011	1897.0
8012	1845.0
8013	1877.0
8014	1870.0
8015	1818.0
8016	1889.0
8017	1893.0
8018	1897.0
8019	1899.0
8020	
8021	1863.0
8022	1897.0
8023	1859.0
8024	1857.0
8025	1883.0
8026	1871.0
8027	1824.0
8028	1878.0
8029	1886.0
8030	1812.0
8031	1881.0
8032	1872.0
8033	1860.0
8034	1861.0
8035	1880.0
8036	1884.0
8037	
8038	
8039	1866.0
8040	1691.0
8041	1893.0
8042	1848.0
8043	1892.0
8044	1881.0
8045	1875.0
8046	1820.0
8047	1877.0
8048	
8049	1897.0
8050	1877.0
8051	
8052	1892.0
8053	
8054	1881.0
8055	1825.0
8056	1853.0
8057	1854.0
8058	1843.0
8059	1847.0
8060	1873.0
8061	1891.0
8062	1891.0
8063	1889.0
8064	1895.0
8065	1881.0
8066	1884.0
8067	1868.0
8068	1841.0
8069	1890.0
8070	1855.0
8071	1874.0
8072	1847.0
8073	1829.0
8074	1884.0
8075	1852.0
8076	1837.0
8077	1861.0
8078	1864.0
8079	1892.0
8080	1865.0
8081	
8082	1855.0
8083	1869.0
8084	
8085	1872.0
8086	1877.0
8087	1864.0
8088	1890.0
8089	1895.0
8090	1802.0
8091	1872.0
8092	1868.0
8093	1892.0
8094	1892.0
8095	1875.0
8096	1887.0
8097	
8098	1895.0
8099	
8100	1804.0
8101	1805.0
8102	1867.0
8103	1851.0
8104	1846.0
8105	1868.0
8106	1859.0
8107	1814.0
8108	1894.0
8109	
8110	1807.0
8111	1847.0
8112	1876.0
8113	1888.0
8114	1821.0
8115	
8116	1859.0
8117	1882.0
8118	1874.0
8119	1894.0
8120	1871.0
8121	1882.0
8122	1866.0
8123	1888.0
8124	1889.0
8125	1891.0
8126	
8127	1897.0
8128	1888.0
8129	1867.0
8130	1889.0
8131	1810.0
8132	1870.0
8133	1892.0
8134	1898.0
8135	1887.0
8136	1875.0
8137	1876.0
8138	1881.0
8139	1886.0
8140	1782.0
8141	1866.0
8142	1813.0
8143	1817.0
8144	1889.0
8145	
8146	1890.0
8147	1894.0
8148	
8149	
8150	1898.0
8151	
8152	1884.0
8153	1848.0
8154	1862.0
8155	
8156	1873.0
8157	1855.0
8158	1853.0
8159	1862.0
8160	1863.0
8161	1892.0
8162	1878.0
8163	1879.0
8164	1858.0
8165	1767.0
8166	
8167	1893.0
8168	
8169	1876.0
8170	1852.0
8171	1856.0
8172	1865.0
8173	1839.0
8174	1895.0
8175	1857.0
8176	1858.0
8177	1858.0
8178	1834.0
8179	1879.0
8180	1811.0
8181	1813.0
8182	1877.0
8183	1803.0
8184	1812.0
8185	1834.0
8186	1804.0
8187	1856.0
8188	1857.0
8189	1853.0
8190	1838.0
8191	
8192	
8193	1766.0
8194	
8195	
8196	1824.0
8197	1858.0
8198	1852.0
8199	1876.0
8200	1810.0
8201	1786.0
8202	1787.0
8203	1854.0
8204	1807.0
8205	1893.0
8206	1843.0
8207	
8208	1885.0
8209	1813.0
8210	1885.0
8211	
8212	1878.0
8213	1898.0
8214	1882.0
8215	1860.0
8216	1853.0
8217	1877.0
8218	1868.0
8219	1898.0
8220	1819.0
8221	1813.0
8222	1835.0
8223	
8224	1858.0
8225	
8226	1874.0
8227	
8228	1818.0
8229	1898.0
8230	1894.0
8231	1896.0
8232	1832.0
8233	1883.0
8234	1886.0
8235	1888.0
8236	1884.0
8237	1846.0
8238	1890.0
8239	1889.0
8240	1879.0
8241	1880.0
8242	
8243	1841.0
8244	1847.0
8245	
8246	1835.0
8247	1803.0
8248	1889.0
8249	1856.0
8250	1888.0
8251	1899.0
8252	1869.0
8253	1831.0
8254	1873.0
8255	1801.0
8256	
8257	
8258	1896.0
8259	
8260	
8261	1750.0
8262	1879.0
8263	
8264	1889.0
8265	
8266	1876.0
8267	
8268	
8269	1708.0
8270	
8271	1777.0
8272	
8273	1866.0
8274	1862.0
8275	1894.0
8276	1868.0
8277	1882.0
8278	1883.0
8279	1898.0
8280	1811.0
8281	1867.0
8282	1838.0
8283	1831.0
8284	
8285	1834.0
8286	1834.0
